date,favorites,geo,hashtags,id,label,mentions,permalink,retweets,text,username,text_tokenized
2019-02-24 14:14,4,,#,1099568193859772417,"2,4",,https://twitter.com/AJNTJS/status/1099568193859772417,2,อย่าด่าใครว่าหน้าเหี้ยเลย คำว่า เหี้ย ให้ใช้กับนิสัยเถอะ คนเรามันเลือกเกิดให้มีหน้าตาแบบนั้นแบบนี้ไม่ได้ แต่นิสัย มันเลือกเป็น เลือกทำได้ รู้ว่าเค้าเหี้ย ก็ไม่ต้องไปยุ่ง ไปด่า เดี๋ยวมันจะมีคนเหี้ยเพิ่มขึ้นอีกคน ! #ป๊อปปองกูล,AJNTJS,"['อย่า', 'ด่า', 'ใคร', 'ว่า', 'หน้า', 'เหี้ย', 'เลย', 'คำ', 'ว่า', 'เหี้ย', 'ให้', 'ใช้กับ', 'นิสัย', 'เถอะ', 'คนเรา', 'มัน', 'เลือก', 'เกิด', 'ให้', 'มี', 'หน้าตา', 'แบบ', 'นั้น', 'แบบนี้', 'ไม่ได้', 'แต่', 'นิสัย', 'มัน', 'เลือก', 'เป็น', 'เลือก', 'ทำได้', 'รู้', 'ว่า', 'เค้า', 'เหี้ย', 'ก็', 'ไม่ต้อง', 'ไป', 'ยุ่ง', 'ไป', 'ด่า', 'เดี๋ยว', 'มัน', 'จะ', 'มี', 'คน', 'เหี้ย', 'เพิ่มขึ้น', 'อีก', 'คน', '!', '#', 'ป๊อป', 'ปอง', 'กู', 'ล']"
2019-02-24 14:12,3,,#,1099567838631587840,"2,4",,https://twitter.com/phakphumnack/status/1099567838631587840,5,"พี่ป๊อปสอนให้เรารู้ว่า ผช หน้าเหี้ย ไม่ได้เหี้ยแต่หน้า ,, #ป๊อปปองกูล",phakphumnack,"['พี่', 'ป๊อป', 'สอน', 'ให้', 'เรา', 'รู้', 'ว่า', 'ผช', 'หน้า', 'เหี้ย', 'ไม่ได้', 'เหี้ย', 'แต่', 'หน้า', ',,', '#', 'ป๊อป', 'ปอง', 'กู', 'ล']"
2019-02-24 14:07,0,,#,1099566443752873984,2,,https://twitter.com/a0980195673/status/1099566443752873984,0,นิสัยแย่ผู้ชายยยไทยยย #ป๊อปปองกูล,a0980195673,"['นิสัย', 'แย่', 'ผู้ชาย', 'ยย', 'ไทย', 'ยย', '#', 'ป๊อป', 'ปอง', 'กู', 'ล']"
2019-02-24 14:04,8,,#,1099565700178370560,"2,4",,https://twitter.com/BeakHun/status/1099565700178370560,6,ยังไงไม่รู้ ตอนนี้สรุปได้คำเดียวว่า ผู้ชาย’เหี้ย’ จบข่าว #ป๊อปปองกูล,BeakHun,"['ยังไง', 'ไม่รู้', 'ตอนนี้', 'สรุป', 'ได้', 'คำ', 'เดียว', 'ว่า', 'ผู้ชาย', '’', 'เหี้ย', '’', 'จบ', 'ข่าว', '#', 'ป๊อป', 'ปอง', 'กู', 'ล']"
2019-02-24 13:58,3,,#,1099564216682405888,2,,https://twitter.com/noonarakna/status/1099564216682405888,0,ป๊อปตัวจริงที่เราเคยเจอ มั่นหน้ามากค่ะ ขอถ่ายรูปก็ทำเป็นลังเลแบบไม่อยากให้ถ่าย+มองเหยียดนิดๆ นี่ไม่ถ่ายเลยค่ะ ให้เพื่อนถ่ายแทน เลยไม่ชอบตั้งแต่ตอนนั้นเลย อันนี้ประสบการส่วนตัวค่ะ หลังจากนั้นก็คิดว่าป.นิสัยไม่ดีมาตลอด แต่ไม่เคยเล่าให้ใครฟังเลยจนมาเจอข่าวนี้ #ป๊อปปองกูล,noonarakna,"['ป๊อป', 'ตัวจริง', 'ที่', 'เรา', 'เคย', 'เจอ', 'มั่น', 'หน้า', 'มาก', 'ค่ะ', 'ขอ', 'ถ่ายรูป', 'ก็', 'ทำ', 'เป็น', 'ลังเล', 'แบบ', 'ไม่', 'อยาก', 'ให้', 'ถ่าย', '+', 'มอง', 'เหยียด', 'นิดๆ', 'นี่', 'ไม่', 'ถ่าย', 'เลย', 'ค่ะ', 'ให้', 'เพื่อน', 'ถ่าย', 'แทน', 'เลย', 'ไม่', 'ชอบ', 'ตั้งแต่', 'ตอนนั้น', 'เลย', 'อันนี้', 'ประสบ', 'การ', 'ส่วนตัว', 'ค่ะ', 'หลังจากนั้น', 'ก็', 'คิด', 'ว่า', 'ป.', 'นิสัย', 'ไม่ดี', 'มา', 'ตลอด', 'แต่', 'ไม่เคย', 'เล่า', 'ให้', 'ใคร', 'ฟัง', 'เลย', 'จน', 'มา', 'เจอ', 'ข่าว', 'นี้', '#', 'ป๊อป', 'ปอง', 'กู', 'ล']"
2019-02-24 13:52,1,,#,1099562603875950592,2,,https://twitter.com/muayngek/status/1099562603875950592,0,ชื่อเพลงใหม่พี่ป๊อป “ คนหน้าหีที่หลอกเธอ “ ฝากติดตามซิงเกิ้ลใหม่กันด้วยนะครับ #ป๊อปปองกูล,muayngek,"['ชื่อ', 'เพลง', 'ใหม่', 'พี่', 'ป๊อป', '“', 'คน', 'หน้า', 'หี', 'ที่', 'หลอก', 'เธอ', '“', 'ฝาก', 'ติดตาม', 'ซิ', 'งเกิ้ล', 'ใหม่', 'กัน', 'ด้วย', 'นะ', 'ครับ', '#', 'ป๊อป', 'ปอง', 'กู', 'ล']"
2019-02-24 13:51,1,,#,1099562427811688449,2,,https://twitter.com/Jeab_Roxy/status/1099562427811688449,0,คนจะเหี้ย เหี้ยที่ใจ ใช่ใบหน้า #ป๊อปปองกูล,Jeab_Roxy,"['คน', 'จะ', 'เหี้ย', 'เหี้ย', 'ที่', 'ใจ', 'ใช่', 'ใบหน้า', '#', 'ป๊อป', 'ปอง', 'กู', 'ล']"
2019-02-24 13:49,16,,#,1099562033698095104,2,,https://twitter.com/lisaismylovers/status/1099562033698095104,10,#ป๊อปปองกูล อีเหี้ย 555555555555555555555555555555555555 pic.twitter.com/dd0wTxOIUD,lisaismylovers,"['#', 'ป๊อป', 'ปอง', 'กู', 'ล', 'อี', 'เหี้ย', '555555555555555555555555555555555555', 'pic', '.', 'twitter', '.', 'com', '/', 'dd', '0', 'wTxOIUD']"
2019-02-24 13:49,0,,#,1099561951355518976,2,,https://twitter.com/yuiisei/status/1099561951355518976,2,เรียกพี่ไม่ถนัด เรียกไอ้ sadd เลยแล้วกัน #ป๊อปปองกูล,yuiisei,"['เรียก', 'พี่', 'ไม่', 'ถนัด', 'เรียก', 'ไอ้', 'sadd', 'เลย', 'แล้วกัน', '#', 'ป๊อป', 'ปอง', 'กู', 'ล']"
2019-02-24 13:43,1,,#,1099560328298299393,2,,https://twitter.com/Nokky27401558/status/1099560328298299393,2,สรุปง่ายๆ คือผู้ชายแม้งเหี้ย จบ #ป๊อปปองกูล,Nokky27401558,"['สรุป', 'ง่ายๆ', 'คือ', 'ผู้ชาย', 'แม้', 'ง', 'เหี้ย', 'จบ', '#', 'ป๊อป', 'ปอง', 'กู', 'ล']"
2019-02-24 13:38,7,,#,1099559192677904384,2,,https://twitter.com/_xslbccdks09/status/1099559192677904384,4,สรุปง่ายๆ คือผู้ชายแม่งเหี้ย #ป๊อปปองกูล,_xslbccdks09,"['สรุป', 'ง่ายๆ', 'คือ', 'ผู้ชาย', 'แม่', 'ง', 'เหี้ย', '#', 'ป๊อป', 'ปอง', 'กู', 'ล']"
2019-02-24 13:34,0,,#,1099558166730137600,2,,https://twitter.com/ka_wao0831/status/1099558166730137600,1,เป็นผู้ชายที่แย่ที่สุดค่ะ ... #ป๊อปปองกูล,ka_wao0831,"['เป็น', 'ผู้ชาย', 'ที่', 'แย่', 'ที่สุด', 'ค่ะ', '...', '#', 'ป๊อป', 'ปอง', 'กู', 'ล']"
2019-02-24 13:25,3,,#,1099555816166744064,2,,https://twitter.com/UtK3B64s97GSWxZ/status/1099555816166744064,3,พูดง่ายๆ​ผู้ชายแม่งโคตรเห็นแก่ตัวสุดๆ​ที่ปล่อยเวลามา10ปีมันครึ่งหนึ่งของชีวิตผู้หญิงเลยนะเว้ยยยจิตใจแมงส์ทำด้วยอะไรว่ะโคตรของโคตรเห็นแก่ตัวว่ะ​ #ป๊อปปองกูล,UtK3B64s97GSWxZ,"['พูด', 'ง่ายๆ', '\u200b', 'ผู้ชาย', 'แม่', 'ง', 'โคตร', 'เห็นแก่ตัว', 'สุด', 'ๆ\u200b', 'ที่', 'ปล่อย', 'เวลา', 'มา', '10', 'ปี', 'มัน', 'ครึ่งหนึ่ง', 'ของ', 'ชีวิต', 'ผู้หญิง', 'เลย', 'นะ', 'เว้ย', 'ยย', 'จิตใจ', 'แมงส์', 'ทำ', 'ด้วย', 'อะไร', 'ว่ะ', 'โคตร', 'ของ', 'โคตร', 'เห็นแก่ตัว', 'ว่ะ', '\u200b', '#', 'ป๊อป', 'ปอง', 'กู', 'ล']"
2019-02-24 13:20,1,,#,1099554721709215744,2,,https://twitter.com/daxkanda/status/1099554721709215744,2,สรุปง่ายง่ายว่าผู้ชายเหี้ย #ป๊อปปองกูล,daxkanda,"['สรุป', 'ง่าย', 'ง่าย', 'ว่า', 'ผู้ชาย', 'เหี้ย', '#', 'ป๊อป', 'ปอง', 'กู', 'ล']"
2019-02-24 13:19,3,,#,1099554469757370373,"2,4",,https://twitter.com/muayngek/status/1099554469757370373,0,พี่ป๊อปสอนให้รู้ว่า คนหน้าเหี้ยก็เหี้ยตามหน้าตา งื้ออออ // ร่องห้ายยย #ป๊อปปองกูล,muayngek,"['พี่', 'ป๊อป', 'สอน', 'ให้', 'รู้', 'ว่า', 'คน', 'หน้า', 'เหี้ย', 'ก็', 'เหี้ย', 'ตาม', 'หน้าตา', 'งื้ออออ', '//', 'ร่อง', 'ห้า', 'ยยย', '#', 'ป๊อป', 'ปอง', 'กู', 'ล']"
2019-02-24 13:16,1,,# #,1099553631806795776,2,,https://twitter.com/Mintiranaka/status/1099553631806795776,0,เป็นข่าวถูกพูดถึงอยู่นั่น คนแบบนี้ ควรถูกแบนในทุกเรื่อง เรา คนนึงจะไม่ดูผลงานเค้าอีกต่อไป นึกถึงคอนที่ชอบมาก ถึงวันนี้ ก็เสียใจเลยที่ไปดู ถ้ารู้ก่อน แม้จะรับเชิญ ก้อบายยย คนเราทำได้แบบนี้ เห็นแก่ตัวสุดน่ะ #ป๊อปปองกูล #ป๊อปโป๊ะแตก,Mintiranaka,"['เป็นข่าว', 'ถูก', 'พูดถึง', 'อยู่', 'นั่น', 'คน', 'แบบนี้', 'ควร', 'ถูก', 'แบน', 'ใน', 'ทุก', 'เรื่อง', 'เรา', 'คน', 'นึง', 'จะ', 'ไม่', 'ดู', 'ผลงาน', 'เค้า', 'อีกต่อไป', 'นึกถึง', 'คอน', 'ที่', 'ชอบ', 'มาก', 'ถึง', 'วันนี้', 'ก็', 'เสียใจ', 'เลย', 'ที่', 'ไปดู', 'ถ้า', 'รู้', 'ก่อน', 'แม้', 'จะ', 'รับเชิญ', 'ก้อ', 'บาย', 'ยย', 'คนเรา', 'ทำได้', 'แบบนี้', 'เห็นแก่ตัว', 'สุด', 'น่ะ', '#', 'ป๊อป', 'ปอง', 'กู', 'ล', '#', 'ป๊อป', 'โป๊ะแตก']"
2019-02-24 13:16,9,,#,1099553586592149504,2,,https://twitter.com/200fifty/status/1099553586592149504,19,กูคนเดียวหรอว่ะ ที่คิดว่าพี่กอล์ฟกับ #ป๊อปปองกูล ไม่เหมือนกันเลย แค่นิสัยก็ต่างกันเหมือนฟ้ากับเหวล่ะ,200fifty,"['กู', 'คนเดียว', 'หรอ', 'ว่ะ', 'ที่', 'คิด', 'ว่า', 'พี่', 'กอล์ฟ', 'กับ', '#', 'ป๊อป', 'ปอง', 'กู', 'ล', 'ไม่', 'เหมือนกัน', 'เลย', 'แค่', 'นิสัย', 'ก็', 'ต่างกัน', 'เหมือน', 'ฟ้า', 'กับ', 'เหว', 'ล่ะ']"
2019-02-24 13:13,4,,# #,1099552896964734977,2,,https://twitter.com/AlittlepuppyA/status/1099552896964734977,2,เราจะไม่ให้กำลังใจผู้ชายเลวๆคนนี้ถือเป็นเรื่องเลวร้ายสำหรับผู้หญิงมากจะไม่มีแยกแยะผลงานเรื่องส่วนตัวสังคมต้องรับรู้ว่าคุณไม่สามารถทำเหี้ยอะไรกับผญได้เพียงเพราะคุณมีความสามารถการคบซ้อนมือที่สามต้องไม่เป็นเรื่องยอมรับได้ของสังคม #ป๊อบปองกูล #ป๊อปปองกูล,AlittlepuppyA,"['เรา', 'จะ', 'ไม่', 'ให้กำลังใจ', 'ผู้ชาย', 'เลว', 'ๆคน', 'นี้', 'ถือ', 'เป็นเรื่อง', 'เลวร้าย', 'สำหรับ', 'ผู้หญิง', 'มาก', 'จะ', 'ไม่มี', 'แยกแยะ', 'ผลงาน', 'เรื่องส่วนตัว', 'สังคม', 'ต้อง', 'รับรู้', 'ว่า', 'คุณ', 'ไม่', 'สามารถ', 'ทำ', 'เหี้ย', 'อะไร', 'กับ', 'ผญ', 'ได้', 'เพียง', 'เพราะ', 'คุณ', 'มี', 'ความสามารถ', 'การคบ', 'ซ้อน', 'มือที่สาม', 'ต้อง', 'ไม่เป็นเรื่อง', 'ยอม', 'รับได้', 'ของ', 'สังคม', '#', 'ป๊อบ', 'ปอง', 'กู', 'ล', '#', 'ป๊อป', 'ปอง', 'กู', 'ล']"
2019-02-24 13:11,4,,#,1099552377961496577,"2,4",,https://twitter.com/mynamei79689117/status/1099552377961496577,3,จากข่าวคบซ้อนเป็น10ปีของอิพี่ป๊อป กุประกาศเลยว่า กุขอ ‘บิชชี นานึน โซโล’ อิสัส คนไม่หล่อแม่งก็เหี้ยได้ สงสารผู้หญิงชิบ คนนึงถูกทิ้งไว้กลางทาง อีกคนก็แต่งเอาผชห่วยๆเหี้ยๆเข้าชีวิต เจริญล่ะมึง #ป๊อปปองกูล,mynamei79689117,"['จาก', 'ข่าว', 'คบ', 'ซ้อน', 'เป็น', '10', 'ปี', 'ของ', 'อิ', 'พี่', 'ป๊อป', 'กุ', 'ประกาศ', 'เลย', 'ว่า', 'กุ', 'ขอ', '‘', 'บิ', 'ช', 'ชี', 'นา', 'นึน', 'โซโล', '’', 'อิสัส', 'คน', 'ไม่', 'หล่อ', 'แม่', 'ง', 'ก็', 'เหี้ย', 'ได้', 'สงสาร', 'ผู้หญิง', 'ชิบ', 'คน', 'นึง', 'ถูก', 'ทิ้ง', 'ไว้', 'กลางทาง', 'อีก', 'คน', 'ก็', 'แต่ง', 'เอา', 'ผช', 'ห่วย', 'ๆ', 'เหี้ย', 'ๆ', 'เข้า', 'ชีวิต', 'เจริญ', 'ล่ะ', 'มึง', '#', 'ป๊อป', 'ปอง', 'กู', 'ล']"
2019-02-24 13:10,0,,#,1099552184427937792,2,,https://twitter.com/pppkpxn/status/1099552184427937792,2,#ป๊อปปองกูล คือเหี้ยไปอะจริงๆนะ คบซ้อน2คนพร้อมกันไม่พอ 10ปี ผญอีกคนเข้าเสียเวลา10ปีกะมึงละต้องเห็นมึงไปแต่งงานกะอีกคนหรอ กุฟังเพลงมึงยุเพลงเดียวอะ ภาพจำ อะ ไม่ค่อยชอบเท่าไหร่วะ55,pppkpxn,"['#', 'ป๊อป', 'ปอง', 'กู', 'ล', 'คือ', 'เหี้ย', 'ไป', 'อะ', 'จริงๆ', 'นะ', 'คบ', 'ซ้อน', '2', 'คน', 'พร้อมกัน', 'ไม่พอ', '10', 'ปี', 'ผญ', 'อีก', 'คน', 'เข้า', 'เสียเวลา', '10', 'ปี', 'กะ', 'มึง', 'ละ', 'ต้อง', 'เห็น', 'มึง', 'ไป', 'แต่งงาน', 'กะ', 'อีก', 'คน', 'หรอ', 'กุ', 'ฟังเพลง', 'มึง', 'ยุ', 'เพลง', 'เดียว', 'อะ', 'ภาพ', 'จำ', 'อะ', 'ไม่', 'ค่อย', 'ชอบ', 'เท่าไหร่', 'วะ', '55']"
2019-02-24 13:08,0,,#,1099551689667837952,2,,https://twitter.com/jvqCLJKN3PXC923/status/1099551689667837952,1,หมดpassionแม่งดูเบาไปเลยเมื่อเทียบกับคบซ้อนซ่อนรักอิพี่ป๊อป ใจพี่แม่งได้จริงๆว่ะ งดด่าเหี้ยนะพวกมรึง เหี้ยไม่ได้ทำไรผิด กุสงสารเหี้ย! คนเลวคือเค้าเลยมรึง ชี้เป้า #ป๊อปปองกูล,jvqCLJKN3PXC923,"['หมด', 'passion', 'แม่', 'ง', 'ดูเบา', 'ไป', 'เลย', 'เมื่อ', 'เทียบ', 'กับ', 'คบ', 'ซ้อน', 'ซ่อน', 'รัก', 'อิ', 'พี่', 'ป๊อป', 'ใจ', 'พี่', 'แม่', 'ง', 'ได้', 'จริงๆ', 'ว่ะ', 'งด', 'ด่า', 'เหี้ย', 'นะ', 'พวก', 'มรึง', 'เหี้ย', 'ไม่ได้', 'ทำ', 'ไร', 'ผิด', 'กุ', 'สงสาร', 'เหี้ย', '!', 'คนเลว', 'คือ', 'เค้า', 'เลย', 'มรึง', 'ชี้', 'เป้า', '#', 'ป๊อป', 'ปอง', 'กู', 'ล']"
2019-02-24 13:01,0,,#,1099549849681158145,"2,4",,https://twitter.com/real__air/status/1099549849681158145,0,ในเมื่อคนหน้าตาดีก็สันดานเหี้ยได้ คนหน้าเหี้ยก็เหี้ยได้ งั้นถ้าเลือกได้ก็ขอเลือกคนหน้าตาดีแล้วกัน แต่แก็งค์ #ป๊อปปองกูล เหมือนกันเลยเนาะ เรื่องนิสัย,real__air,"['ใน', 'เมื่อ', 'คน', 'หน้าตา', 'ดี', 'ก็', 'สันดาน', 'เหี้ย', 'ได้', 'คน', 'หน้า', 'เหี้ย', 'ก็', 'เหี้ย', 'ได้', 'งั้น', 'ถ้า', 'เลือก', 'ได้', 'ก็', 'ขอ', 'เลือก', 'คน', 'หน้าตา', 'ดี', 'แล้วกัน', 'แต่', 'แก็งค์', '#', 'ป๊อป', 'ปอง', 'กู', 'ล', 'เหมือนกัน', 'เลย', 'เนาะ', 'เรื่อง', 'นิสัย']"
2019-02-24 13:00,0,,#,1099549696832561153,2,,https://twitter.com/HeelSiren/status/1099549696832561153,0,เราไม่รู้ตื้นรู้หนาหรอก แต่ที่รู้คือผู้ชายที่คบซ้อนคือผู้ชายที่โคตรเหี้ยอ่ะ #ป๊อปปองกูล,HeelSiren,"['เรา', 'ไม่รู้', 'ตื้น', 'รู้', 'หนา', 'หรอก', 'แต่', 'ที่', 'รู้', 'คือ', 'ผู้ชาย', 'ที่', 'คบ', 'ซ้อน', 'คือ', 'ผู้ชาย', 'ที่', 'โคตร', 'เหี้ย', 'อ่ะ', '#', 'ป๊อป', 'ปอง', 'กู', 'ล']"
2019-02-24 12:57,1,,#,1099548828191969280,2,,https://twitter.com/JunJarn/status/1099548828191969280,1,ผช แม่งเหี้ยแบบนี้แหล่ะค่าา ถ้าเรื่องไม่แดงไม่มีทางสารภาพ /// พอสารภาพผิดไปคนรอบข้างนางบอก อุ้ยแมน แมนเหี้ยไรละค่าาาาาาา /// อินๆ ปสกตรง #ป๊อปปองกูล,JunJarn,"['ผช', 'แม่', 'ง', 'เหี้ย', 'แบบนี้', 'แห', 'ล่ะ', 'ค่า', 'า', 'ถ้า', 'เรื่อง', 'ไม่', 'แดง', 'ไม่มีทาง', 'สารภาพ', '///', 'พอ', 'สารภาพผิด', 'ไป', 'คน', 'รอบข้าง', 'นาง', 'บอก', 'อุ้ย', 'แมน', 'แมน', 'เหี้ย', 'ไร', 'ละ', 'ค่า', 'าาาาาา', '///', 'อิน', 'ๆ', 'ปสก', 'ตรง', '#', 'ป๊อป', 'ปอง', 'กู', 'ล']"
2019-02-24 12:55,0,,#,1099548333033480192,2,,https://twitter.com/it025n/status/1099548333033480192,1,จะด่าว่ายังไงดี ไม่มีคำบรรยายเลย ผช คนนี้ ได้แต่ จ้าาาาาาาแบบแมทภี #ป๊อปปองกูล,it025n,"['จะ', 'ด่าว่า', 'ยังไง', 'ดี', 'ไม่มี', 'คำบรรยาย', 'เลย', 'ผช', 'คน', 'นี้', 'ได้', 'แต่', 'จ้า', 'าาาาาา', 'แบบ', 'แมทภี', '#', 'ป๊อป', 'ปอง', 'กู', 'ล']"
2019-02-24 12:55,0,,#,1099548259876462592,2,,https://twitter.com/FrappeGreentea/status/1099548259876462592,0,#ป๊อปปองกูล เอาจริงสงสารพี่ป็อปนะเเต่พี่ป็อปแม่งเหี้ยจริง เอาเป็นว่าหนูติดตามผลงานพี่นะเพราะเพลงพี่ป็อปเพราะจริงรายการของพี่ก้ตลกดีแต่หนูคงไม่เคารพพี่หรอกนะเพราะพี่เเม่งเหี้ยจริง,FrappeGreentea,"['#', 'ป๊อป', 'ปอง', 'กู', 'ล', 'เอาจริง', 'สงสาร', 'พี่', 'ป็อป', 'นะ', 'เเต่', 'พี่', 'ป็อป', 'แม่', 'ง', 'เหี้ย', 'จริง', 'เอาเป็นว่า', 'หนู', 'ติดตามผลงาน', 'พี่', 'นะ', 'เพราะ', 'เพลง', 'พี่', 'ป็อป', 'เพราะ', 'จริง', 'รายการ', 'ของ', 'พี่', 'ก้', 'ตลก', 'ดีแต่', 'หนู', 'คง', 'ไม่', 'เคารพ', 'พี่', 'หรอก', 'นะ', 'เพราะ', 'พี่', 'เเม่ง', 'เหี้ย', 'จริง']"
2019-02-24 12:50,0,,#,1099547006622560256,"2,4",,https://twitter.com/Pimaizaa/status/1099547006622560256,0,ไม่เลี่ยจิงทำไม่ได้ คาสโนว่าขาเบียด #ป๊อปปองกูล,Pimaizaa,"['ไม่', 'เลี่ย', 'จิง', 'ทำ', 'ไม่ได้', 'คาส', 'โน', 'ว่า', 'ขา', 'เบียด', '#', 'ป๊อป', 'ปอง', 'กู', 'ล']"
2019-02-10 21:53,0,,,1094610199501987840,"2,4",,https://twitter.com/jennyrupy/status/1094610199501987840,0,รำคาญเข้าใจปะอีหน้าหนังหี เลิกโง่แบบดักดานและ ปัญญาอ่อน สักที วนแม่งแต่เรื่องเดิมๆอีหีฝ่อ pic.twitter.com/0dvC3YKMAO,jennyrupy,"['รำคาญ', 'เข้าใจ', 'ปะ', 'อี', 'หน้า', 'หนัง', 'หี', 'เลิก', 'โง่', 'แบบ', 'ดักดาน', 'และ', 'ปัญญาอ่อน', 'สักที', 'วน', 'แม่', 'ง', 'แต่', 'เรื่อง', 'เดิม', 'ๆ', 'อี', 'หี', 'ฝ่อ', 'pic', '.', 'twitter', '.', 'com', '/', '0', 'dvC', '3', 'YKMAO']"
2019-02-04 19:37,0,,,1092401848487739393,"2,4",,https://twitter.com/PangsuttidaJiBi/status/1092401848487739393,0,ปัญญาอ่อน อีหู่เตี้ย https://www. facebook.com/10000639816019 4/posts/2219445491612035/ …,PangsuttidaJiBi,"['ปัญญาอ่อน', 'อี', 'หู่', 'เตี้ย', 'https', '://', 'www', '.', 'facebook', '.', 'com', '/', '10000639816019', '4', '/', 'posts', '/', '2219445491612035', '/', '…']"
2019-01-10 10:39,20,,,1083206755398574080,"2,4",,https://twitter.com/loving_friday/status/1083206755398574080,21,ควย ปัญญาอ่อน ยอมรับมาเถอะว่าเกี่ยวกับเครื่องบินเจ็ตส้นตีนอะไรเลย จริงๆคือตปท. อินเตอร์โพล เค้าไม่มีใครเล่นกะพวกมึงไง pic.twitter.com/m6BjfS6yAt,loving_friday,"['ควย', 'ปัญญาอ่อน', 'ยอมรับ', 'มา', 'เถอะ', 'ว่า', 'เกี่ยวกับ', 'เครื่องบิน', 'เจ็ต', 'ส้นตีน', 'อะไร', 'เลย', 'จริงๆ', 'คือ', 'ตปท.', 'อินเตอร์', 'โพล', 'เค้า', 'ไม่มีใคร', 'เล่น', 'กะ', 'พวก', 'มึง', 'ไง', 'pic', '.', 'twitter', '.', 'com', '/', 'm', '6', 'BjfS', '6', 'yAt']"
2018-12-13 22:25,16,,,1073237368671330304,"2,4",,https://twitter.com/yuyuiui94s/status/1073237368671330304,202,อีเกาหรีมึงอย่า ปัญญาอ่อน ให้มันมากนักท่าเต้นมันก็ต้องสลับกันมาอยู่หน้าอยู่หลังแล้วแต่ความเหมาะสมและสรีระของคนเต้นไหม อีควาย,yuyuiui94s,"['อี', 'เกา', 'ห', 'รี', 'มึง', 'อย่า', 'ปัญญาอ่อน', 'ให้', 'มัน', 'มาก', 'นัก', 'ท่า', 'เต้น', 'มัน', 'ก็', 'ต้อง', 'สลับ', 'กัน', 'มา', 'อยู่', 'หน้า', 'อยู่', 'หลัง', 'แล้วแต่', 'ความเหมาะสม', 'และ', 'สรีระ', 'ของ', 'คน', 'เต้น', 'ไหม', 'อี', 'ควาย']"
2018-07-02 08:41,14,,# #,1013598562477748224,"2,4",,https://twitter.com/invisiblebambam/status/1013598562477748224,11,เพจหัวควย #อีจัน อยากตั้งตัวเองเป็นสื่อ เสือกงอแงงี่เง่า จนท.ขัดใจจะลงไปชักดิ้นชักงอ ควย เลิก ปัญญาอ่อน เหอะไอแม่เย็ด คิดว่าโพสดราม่าแล้วลูกเพจจะเข้าข้างหรอ เปลี่ยนเป็นอีจัญไร อีเหี้ย อีหน้าหี ไปเถอะ #ถ้ำหลวง,invisiblebambam,"['เพจ', 'หัว', 'ควย', '#', 'อี', 'จัน', 'อยาก', 'ตั้ง', 'ตัวเอง', 'เป็น', 'สื่อ', 'เสือก', 'งอแง', 'งี่เง่า', 'จนท.', 'ขัดใจ', 'จะ', 'ลง', 'ไป', 'ชักดิ้นชักงอ', 'ควย', 'เลิก', 'ปัญญาอ่อน', 'เหอะ', 'ไอ', 'แม่', 'เย็ด', 'คิด', 'ว่า', 'โพส', 'ดราม่า', 'แล้ว', 'ลูก', 'เพจ', 'จะ', 'เข้าข้าง', 'หรอ', 'เปลี่ยนเป็น', 'อี', 'จัญไร', 'อี', 'เหี้ย', 'อี', 'หน้า', 'หี', 'ไป', 'เถอะ', '#', 'ถ้ำ', 'หลวง']"
2019-02-12 19:14,57,,,1095295075565727749,"2,4",,https://twitter.com/jaiicanhelpyou/status/1095295075565727749,762,อีตู่บอกอย่าเลือกคนที่ดีแต่พูด อี ควาย มึงมองตัวเองเหอะ,jaiicanhelpyou,"['อี', 'ตู่', 'บอก', 'อย่า', 'เลือก', 'คน', 'ที่', 'ดีแต่', 'พูด', 'อี', 'ควาย', 'มึง', 'มอง', 'ตัวเอง', 'เหอะ']"
2019-02-08 06:42,0,,,1093656243434971136,"2,4",,https://twitter.com/Static178064986/status/1093656243434971136,0,มันหรอกแดก ไอ่ชิงหมาเกิด ไอ่สัส ไอ่เหี่ย แม่งมึงจะตายหรอท้าไม่ได้หรอ ควาย pic.twitter.com/5xs7L6jZgU,Static178064986,"['มัน', 'หรอก', 'แดก', 'ไอ่', 'ชิง', 'หมา', 'เกิด', 'ไอ่สัส', 'ไอ่เหี่ย', 'แม่', 'ง', 'มึง', 'จะ', 'ตาย', 'หรอ', 'ท้า', 'ไม่ได้', 'หรอ', 'ควาย', 'pic', '.', 'twitter', '.', 'com', '/', '5', 'xs', '7', 'L', '6', 'jZgU']"
2019-02-07 19:32,66,,,1093487681407840256,"2,4",,https://twitter.com/pclpcl7/status/1093487681407840256,122,อีดอก อีหน้าหี!!! พวกมึงเป็นเหี้ยไรกันมากป่ะ พี่งูเค้าอันฟอลน้องลิซแล้วพวกมึงพอใจรึยัง ไหนอีดอก ใครไปวุ่นวายกับเค้านัก เค้าเป็นผัวมึงหรอ เสือกนัก อี ควาย เก็บความโอที4ของมึงไปใช้ให้ถูกที่ถูกเวลานะ,pclpcl7,"['อี', 'ดอก', 'อี', 'หน้า', 'หี', '!!!', 'พวก', 'มึง', 'เป็น', 'เหี้ย', 'ไร', 'กัน', 'มาก', 'ป่ะ', 'พี่', 'งู', 'เค้า', 'อัน', 'ฟอ', 'ล', 'น้อง', 'ลิ', 'ซ', 'แล้ว', 'พวก', 'มึง', 'พอใจ', 'รึ', 'ยัง', 'ไหน', 'อี', 'ดอก', 'ใคร', 'ไป', 'วุ่นวาย', 'กับ', 'เค้า', 'นัก', 'เค้า', 'เป็น', 'ผัว', 'มึง', 'หรอ', 'เสือก', 'นัก', 'อี', 'ควาย', 'เก็บความ', 'โอที', '4', 'ของ', 'มึง', 'ไป', 'ใช้', 'ให้', 'ถูกที่', 'ถูก', 'เวลา', 'นะ']"
2019-02-03 23:16,14,,,1092094365340655616,"2,4",,https://twitter.com/mamomuml/status/1092094365340655616,132,เธอคิดว่าการเป็นคนที่โดนชอบมันง่ายนักหรอ อีหน้าสัส อี ควาย,mamomuml,"['เธอ', 'คิด', 'ว่าการ', 'เป็น', 'คน', 'ที่', 'โดน', 'ชอบ', 'มัน', 'ง่าย', 'นัก', 'หรอ', 'อี', 'หน้า', 'สัส', 'อี', 'ควาย']"
2019-02-02 14:53,34,,,1091605479321554944,"2,4",,https://twitter.com/taypeemeera/status/1091605479321554944,531,อีเค้กอี ควาย มึงมันสวยผิดมนุด หน้าแพงเกินไปป่ะอิดอก ถ้ายุแถวบ้านกุดักตบไปแล้ว รำคาน https:// twitter.com/khaitomnomtoom /status/1091603706120830976 …,taypeemeera,"['อี', 'เค้ก', 'อี', 'ควาย', 'มึง', 'มัน', 'สวย', 'ผิ', 'ดม', 'นุด', 'หน้า', 'แพง', 'เกินไป', 'ป่ะ', 'อิด', 'อก', 'ถ้า', 'ยุ', 'แถว', 'บ้าน', 'กุ', 'ดัก', 'ตบ', 'ไป', 'แล้ว', 'รำ', 'คาน', 'https', '://', 'twitter', '.', 'com', '/', 'khaitomnomtoom', '/', 'status', '/', '1091603706120830976', '…']"
2019-02-02 08:02,23,,,1091501956705599488,"2,4",,https://twitter.com/Umnuay12/status/1091501956705599488,3,มันเลวมากไอ้ ควาย https:// twitter.com/smZowLWTIXox7S w/status/1091491341631025153 …,Umnuay12,"['มัน', 'เลว', 'มาก', 'ไอ้', 'ควาย', 'https', '://', 'twitter', '.', 'com', '/', 'smZowLWTIXox', '7', 'S', 'w', '/', 'status', '/', '1091491341631025153', '…']"
2019-02-01 22:10,13,,,1091352986402443264,"2,4",,https://twitter.com/earthypanacotta/status/1091352986402443264,10,จะด่าผู้นำว่า ควาย กลัว ควาย จริงๆเสียใจ,earthypanacotta,"['จะ', 'ด่า', 'ผู้นำ', 'ว่า', 'ควาย', 'กลัว', 'ควาย', 'จริงๆ', 'เสียใจ']"
2019-01-24 22:46,46,,,1088462987755548673,"2,4",@John_winyu,https://twitter.com/Jackkrit/status/1088462987755548673,23,ควาย สมองหมาอย่าง @John_winyu ที่กล้าการันตีว่า โครงการจำนำข้าวโกงไม่ได้ คงมีแต่ควายแดงสมองหมา แบบเดียวกันเชื่อคำพูดมัน,Jackkrit,"['ควาย', 'สมอง', 'หมา', 'อย่าง', '@', 'John', '_', 'winyu', 'ที่', 'กล้า', 'การันตี', 'ว่า', 'โครงการ', 'จำนำ', 'ข้าว', 'โกง', 'ไม่ได้', 'คง', 'มี', 'แต่', 'ควาย', 'แดง', 'สมอง', 'หมา', 'แบบ', 'เดียวกัน', 'เชื่อ', 'คำพูด', 'มัน']"
2018-12-29 00:28,6,,,1078704343539281920,"2,4",,https://twitter.com/Aoeydalto/status/1078704343539281920,10,รำคาญคนที่แดกแล้วเคี้ยวเสียงดัง เป็น ควาย หรอเคี้ยวเอื้องเหี้ย รำคาญ!,Aoeydalto,"['รำคาญ', 'คน', 'ที่', 'แดก', 'แล้ว', 'เคี้ยว', 'เสียงดัง', 'เป็น', 'ควาย', 'หรอ', 'เคี้ยวเอื้อง', 'เหี้ย', 'รำคาญ', '!']"
2018-12-15 13:41,84,,,1073830300252233729,"2,4",,https://twitter.com/choolichaeng/status/1073830300252233729,42,โมโห อี ควาย พูดเหมือนเพื่อนมาเกาะขอมึงแดก ทุเรศ,choolichaeng,"['โมโห', 'อี', 'ควาย', 'พูด', 'เหมือน', 'เพื่อน', 'มา', 'เกาะ', 'ขอ', 'มึง', 'แดก', 'ทุเรศ']"
2018-12-13 00:39,9,,#,1072908844890677248,"2,4",,https://twitter.com/ThailandCaptian/status/1072908844890677248,7,นี่แหละมึงระบอบทักษิณ พอพวก ควาย แดงหน้าโง่เลือกพรรคของทักษินแล้ว ทีนี้พวกมึงก็จะกลายเป็นขี้ข้าของไอเหี้ยเหลี่ยม ชีวิตของมึงจะถูกสังเวยโดยชายชุดดำ ศพของพวกมึงจะกชายเป็นเครื่องมือต่อรองของไอหน้าเหลี่ยม เพื่อพาหน้าเหลี่ยมๆของมันกลับบ้าน #เลือกตั้ง62,ThailandCaptian,"['นี่แหละ', 'มึง', 'ระบอบ', 'ทักษิณ', 'พอ', 'พวก', 'ควาย', 'แดง', 'หน้า', 'โง่', 'เลือก', 'พรรค', 'ของ', 'ทัก', 'ษิน', 'แล้ว', 'ทีนี้', 'พวก', 'มึง', 'ก็', 'จะ', 'กลายเป็น', 'ขี้ข้า', 'ของ', 'ไอ', 'เหี้ย', 'เหลี่ยม', 'ชีวิต', 'ของ', 'มึง', 'จะ', 'ถูก', 'สังเวย', 'โดย', 'ชาย', 'ชุด', 'ดำ', 'ศพ', 'ของ', 'พวก', 'มึง', 'จะ', 'ก', 'ชาย', 'เป็น', 'เครื่องมือ', 'ต่อรอง', 'ของ', 'ไอ', 'หน้า', 'เหลี่ยม', 'เพื่อ', 'พา', 'หน้า', 'เหลี่ยม', 'ๆ', 'ของ', 'มัน', 'กลับบ้าน', '#', 'เลือกตั้ง', '62']"
2018-12-11 18:52,0,,,1072459093405810688,"2,4",,https://twitter.com/Diahdolah/status/1072459093405810688,27,อีตู่ อี ควาย อีเหี้ย พวกมึงแม่งโง่ หน้าส้นตีน แม่ไม่ให้เล่นเดอะซิมใช่มั้ย โว้ยยยยย,Diahdolah,"['อี', 'ตู่', 'อี', 'ควาย', 'อี', 'เหี้ย', 'พวก', 'มึง', 'แม่', 'ง', 'โง่', 'หน้า', 'ส้นตีน', 'แม่', 'ไม่', 'ให้', 'เล่น', 'เดอะ', 'ซิม', 'ใช่', 'มั้ย', 'โว้ย', 'ยยยย']"
2019-01-20 23:34,0,,,1087025702862385152,"2,4",,https://twitter.com/ministhewinner/status/1087025702862385152,0,ไอควายไอสัด ไอ หน้าเหี้ย มึฃทุบบริษัทมึงทิ้งไปไอควาย,ministhewinner,"['ไอ', 'ควาย', 'ไอ', 'สัด', 'ไอ', 'หน้า', 'เหี้ย', 'มึฃ', 'ทุบ', 'บริษัท', 'มึง', 'ทิ้ง', 'ไป', 'ไอ', 'ควาย']"
2019-01-20 15:53,0,,,1086909458465271808,"2,4",,https://twitter.com/3_byun02/status/1086909458465271808,0,มึงต่อยกันที่ทำงานเองปะ ควายเผือก เหี้ย ๆ หน้า เหี้ย สัสหมา ขอให้ตายไม่ดี,3_byun02,"['มึง', 'ต่อย', 'กัน', 'ที่ทำงาน', 'เอง', 'ปะ', 'ควาย', 'เผือก', 'เหี้ย', 'ๆ', 'หน้า', 'เหี้ย', 'สัส', 'หมา', 'ขอให้', 'ตาย', 'ไม่ดี']"
2019-01-19 13:40,0,,,1086513808040853505,"2,4",,https://twitter.com/peachofcheese/status/1086513808040853505,0,หน้าเหี้ย มากพูดออกมาได้ไงอีสัเ,peachofcheese,"['หน้า', 'เหี้ย', 'มาก', 'พูด', 'ออกมา', 'ได้', 'ไง', 'อี', 'สัเ']"
2019-01-19 00:15,0,,,1086311116844584960,"2,4",,https://twitter.com/mildisvip/status/1086311116844584960,0,หน้าเหี้ย อย่างเดียวก็พอละม้าง สันดานไม่ต้องเหี้ยตามก็ได้,mildisvip,"['หน้า', 'เหี้ย', 'อย่าง', 'เดียว', 'ก็', 'พอ', 'ละ', 'ม้าง', 'สันดาน', 'ไม่ต้อง', 'เหี้ย', 'ตาม', 'ก็ได้']"
2019-01-18 21:53,0,,,1086275405156208640,"2,4",,https://twitter.com/pha1sra/status/1086275405156208640,0,หน้าเหี้ย ละยังทำตัวเหี้ยกว่าหน้า,pha1sra,"['หน้า', 'เหี้ย', 'ละ', 'ยัง', 'ทำตัว', 'เหี้ย', 'กว่า', 'หน้า']"
2019-01-18 21:28,0,,,1086269057014259712,"2,4",,https://twitter.com/mpbexxxx/status/1086269057014259712,0,หน้าเหี้ย อีสัสสสสสสส,mpbexxxx,"['หน้า', 'เหี้ย', 'อี', 'สัส', 'สสส', 'สสส']"
2019-01-18 18:49,0,,,1086229197125636098,2,,https://twitter.com/SweetPiShop/status/1086229197125636098,0,อิสัส หลอกให้กุมารอ อีกแล้วอี หน้าเหี้ย พ่อมึงตาย,SweetPiShop,"['อิสัส', 'หลอก', 'ให้', 'กุ', 'มา', 'รอ', 'อีกแล้ว', 'อี', 'หน้า', 'เหี้ย', 'พ่อ', 'มึง', 'ตาย']"
2019-01-18 05:56,0,,,1086034500545441792,"2,4",,https://twitter.com/PhetJW/status/1086034500545441792,0,ประยุทธ์ หน้าเหี้ย เย่ะ,PhetJW,"['ประยุทธ์', 'หน้า', 'เหี้ย', 'เย่ะ']"
2019-01-18 02:24,1,,,1085981191499476992,"2,4",,https://twitter.com/dhDpnkoO8VbflsX/status/1085981191499476992,0,สันดานควายๆแบบนี้อย่าทักมาบ่อยนะ หนังหน้ามึงก็ไม่ดีละทักมากูุคุยด้วย ทักมาตอนดึกๆละกูตอบก็ดีแค่ไหน นี่ไม่ได้เปนคนหยิ่งเลยนะทักมาตอบกลับหมดถ้าว่าง คงคิดว่ากะเทยต้องบ้าผช.ทุกคนหรอไอควาย กะเทยเดี๋ยวนี้เค้าฉลาดเค้าเลือก ควยมีให้เลือกเยอะแยะ หน้าเหี้ย ๆนิสัยเหี้ยๆแบบนี้ใครจะเอาควาย pic.twitter.com/b004fAvlRa,dhDpnkoO8VbflsX,"['สันดาน', 'ควาย', 'ๆ', 'แบบนี้', 'อย่า', 'ทัก', 'มา', 'บ่อย', 'นะ', 'หนัง', 'หน้า', 'มึง', 'ก็', 'ไม่ดี', 'ละ', 'ทัก', 'มา', 'กู', 'ุ', 'คุย', 'ด้วย', 'ทัก', 'มา', 'ตอนดึก', 'ๆ', 'ละ', 'กู', 'ตอบ', 'ก็ดี', 'แค่', 'ไหน', 'นี่', 'ไม่ได้', 'เปนคน', 'หยิ่ง', 'เลย', 'นะ', 'ทัก', 'มา', 'ตอบกลับ', 'หมด', 'ถ้า', 'ว่าง', 'คง', 'คิด', 'ว่า', 'กะเทย', 'ต้อง', 'บ้า', 'ผช.', 'ทุกคน', 'หรอ', 'ไอ', 'ควาย', 'กะเทย', 'เดี๋ยวนี้', 'เค้า', 'ฉลาด', 'เค้า', 'เลือก', 'ควย', 'มี', 'ให้', 'เลือก', 'เยอะแยะ', 'หน้า', 'เหี้ย', 'ๆ', 'นิสัย', 'เหี้ย', 'ๆ', 'แบบนี้', 'ใคร', 'จะ', 'เอา', 'ควาย', 'pic', '.', 'twitter', '.', 'com', '/', 'b', '004', 'fAvlRa']"
2019-01-18 00:06,0,,,1085946575107411968,"2,4",,https://twitter.com/klxeve/status/1085946575107411968,0,อีกระเทยภูธร อีตุ๊ดหน้าสัส หน้าหมา หน้าเหี้ย เกิดมาชาตินึงยังมาโกงคนอื่น ไม่ทำมาหาเเดกสุจริตเองวะ,klxeve,"['อี', 'กระ', 'เท', 'ย', 'ภูธร', 'อี', 'ตุ๊ด', 'หน้า', 'สัส', 'หน้า', 'หมา', 'หน้า', 'เหี้ย', 'เกิด', 'มา', 'ชาติ', 'นึง', 'ยัง', 'มา', 'โกง', 'คนอื่น', 'ไม่', 'ทำ', 'มาหา', 'เ', 'เด', 'ก', 'สุจริต', 'เอง', 'วะ']"
2019-01-17 19:13,0,,,1085872739884269569,"2,4",,https://twitter.com/darlingxsana/status/1085872739884269569,0,อีหน้าส้นตีน อีสัด อยากกี้ด อยากตบ อยากด่า อยากแม่งทุกอย่าง หน้าเหี้ย ควาย,darlingxsana,"['อี', 'หน้า', 'ส้นตีน', 'อี', 'สัด', 'อยาก', 'กี้', 'ด', 'อยาก', 'ตบ', 'อยาก', 'ด่า', 'อยาก', 'แม่', 'ง', 'ทุกอย่าง', 'หน้า', 'เหี้ย', 'ควาย']"
2019-01-17 18:55,0,,,1085868188204593152,2,,https://twitter.com/iamdoremee/status/1085868188204593152,0,ทำตัว เหี้ย ขนาดนี้งงมากมีเพื่อนคบได้ไง หรือศีลเสมอกัน อยู๋ด้วยกันได้งี้อ่อ รำคาญอ่ะ หน้า เหี้ย,iamdoremee,"['ทำตัว', 'เหี้ย', 'ขนาด', 'นี้', 'งง', 'มาก', 'มี', 'เพื่อน', 'คบ', 'ได้', 'ไง', 'หรือ', 'ศีล', 'เสมอกัน', 'อยู๋', 'ด้วยกัน', 'ได้', 'งี้', 'อ่อ', 'รำคาญ', 'อ่ะ', 'หน้า', 'เหี้ย']"
2019-01-17 18:52,0,,,1085867345296248833,"2,4",,https://twitter.com/p_polypoly/status/1085867345296248833,1,ทีมึง หน้าเหี้ย กูยังไม่เคยด่ามึงเลยอีควาย มีสิทธิ์อะไรมาวิจารณ์เสื้อกู ไอ้เหี้ย ไอ้เตี้ยหมาตื่น กูไม่เคยพูดถึงมึงก่อนเลยนะจ๊ะ ไอ้ควาย ไอ้ผู้ใหญ่เหี้ยหนังหมา ไอ้แก่ใกล้ลงโลง ไอ้เก๊าแดก หนังหน้าส้นตีนตันหากลับอย่างมึงไม่เป็นเอดส์ตายหรอ งง,p_polypoly,"['ที', 'มึง', 'หน้า', 'เหี้ย', 'กู', 'ยัง', 'ไม่เคย', 'ด่า', 'มึง', 'เลย', 'อี', 'ควาย', 'มีสิทธิ์', 'อะไร', 'มา', 'วิจารณ์', 'เสื้อ', 'กู', 'ไอ้', 'เหี้ย', 'ไอ้', 'เตี้ย', 'หมา', 'ตื่น', 'กู', 'ไม่เคย', 'พูดถึง', 'มึง', 'ก่อน', 'เลย', 'นะจ๊ะ', 'ไอ้', 'ควาย', 'ไอ้', 'ผู้ใหญ่', 'เหี้ย', 'หนัง', 'หมา', 'ไอ้', 'แก่', 'ใกล้', 'ลง', 'โลง', 'ไอ้', 'เก๊า', 'แดก', 'หนัง', 'หน้า', 'ส้นตีน', 'ตัน', 'หา', 'กลับ', 'อย่าง', 'มึง', 'ไม่', 'เป็น', 'เอดส์', 'ตาย', 'หรอ', 'งง']"
2019-01-17 06:46,0,,,1085684758531567617,"2,4",,https://twitter.com/s3xti0n/status/1085684758531567617,0,ขอนิดนึง ไอ้ส้นตีน หน้าเหี้ย ไอควาย รำคาญ เกะกะลูกตา ควย,s3xti0n,"['ขอ', 'นิดนึง', 'ไอ้', 'ส้นตีน', 'หน้า', 'เหี้ย', 'ไอ', 'ควาย', 'รำคาญ', 'เกะกะ', 'ลูกตา', 'ควย']"
2019-01-17 02:33,0,,,1085621145519312896,"2,4",,https://twitter.com/_cloudypeach_/status/1085621145519312896,0,โอ้ยอีเหี้ย อีป้อมอี หน้าเหี้ย โง่มาก โง่ขนาดนี้สงสัยว่าเกิดเเละโตจนอยู่รอดมาได้ไงวะ ตอบคำถามยังโง่ อิควาย เมื่อไหร่จะตายๆไป ประเทดลงเหวกันหมดเเล้วอิควย อิป้อมอิสัสอิควาย,_cloudypeach_,"['โอ้ย', 'อี', 'เหี้ย', 'อี', 'ป้อม', 'อี', 'หน้า', 'เหี้ย', 'โง่', 'มาก', 'โง่', 'ขนาด', 'นี้', 'สงสัย', 'ว่า', 'เกิด', 'เเละ', 'โต', 'จน', 'อยู่รอด', 'มา', 'ได้', 'ไง', 'วะ', 'ตอบคำถาม', 'ยัง', 'โง่', 'อิ', 'ควาย', 'เมื่อไหร่', 'จะ', 'ตาย', 'ๆ', 'ไป', 'ป', 'ระ', 'เท', 'ดล', 'ง', 'เหว', 'กัน', 'หมด', 'เเล้ว', 'อิ', 'ควย', 'อิ', 'ป้อม', 'อิสัสอิ', 'ควาย']"
2019-01-17 02:27,0,,,1085619585804455936,"2,4",,https://twitter.com/ordinarykonnine/status/1085619585804455936,0,อีประวิตร หน้าเหี้ย,ordinarykonnine,"['อี', 'ประวิตร', 'หน้า', 'เหี้ย']"
2019-01-16 16:18,2,,,1085466370551103488,"2,4",,https://twitter.com/loving_friday/status/1085466370551103488,3,ไอ้อ้วน หน้าเหี้ย แล้วเสือกยังปากหีอีก pic.twitter.com/xKgsRMVoge,loving_friday,"['ไอ้', 'อ้วน', 'หน้า', 'เหี้ย', 'แล้ว', 'เสือก', 'ยัง', 'ปาก', 'หี', 'อีก', 'pic', '.', 'twitter', '.', 'com', '/', 'xKgsRMVoge']"
2019-01-15 20:01,4,,#YG_TREASURE_BOX,1085160065701572609,2,,https://twitter.com/_ponybell_/status/1085160065701572609,7,ไอ้ หน้าเหี้ย กูไม่ลุ้นแม่งละ เรื่องเยอะไอ้สัส อยากต่อยหน้าหยางว่ะแม่ง #YG_TREASURE_BOX,_ponybell_,"['ไอ้', 'หน้า', 'เหี้ย', 'กู', 'ไม่', 'ลุ้น', 'แม่', 'ง', 'ละ', 'เรื่อง', 'เยอะ', 'ไอ้', 'สัส', 'อยาก', 'ต่อย', 'หน้า', 'ห', 'ยาง', 'ว่ะ', 'แม่', 'ง', '#', 'YG', '_', 'TREASURE', '_', 'BOX']"
2019-01-14 04:23,0,,,1084561532690681856,"2,4",,https://twitter.com/Justkwangtung/status/1084561532690681856,0,คือกุต้องตื่นเพราะเสียงมึงกรนอีกกี่ครั้ง อีควาย ถ้าไม่ติดว่าเป็นเพื่อนกุจะเอาพริกยัดปากมึง อี หน้าเหี้ย,Justkwangtung,"['คือ', 'กุ', 'ต้อง', 'ตื่น', 'เพราะ', 'เสียง', 'มึง', 'กรน', 'อีก', 'กี่', 'ครั้ง', 'อี', 'ควาย', 'ถ้า', 'ไม่', 'ติด', 'ว่า', 'เป็นเพื่อน', 'กุ', 'จะ', 'เอา', 'พริก', 'ยัด', 'ปาก', 'มึง', 'อี', 'หน้า', 'เหี้ย']"
2019-01-21 00:45,0,,#,1087043357593849856,2.0,,https://twitter.com/ployleila/status/1087043357593849856,8,#จรพ ทำไมชอบเหยียดภาษาอังกฤษคนอื่น พูดไม่ได้ดีเหอะ,ployleila,"['#จรพ', 'ทำไม', 'ชอบ', 'เหยียด', 'ภาษาอังกฤษ', 'คนอื่น', 'พูด', 'ไม่', 'ได้ดี', 'เหอะ']"
2019-01-21 00:30,0,,#,1087039720939413504,2.0,,https://twitter.com/anitatina_/status/1087039720939413504,1,แฟนเล่ามาว่าสมัยนางเรียนนางไม่ชอบอาบน้ำสระผมแล้วก็เป็นเหามาเรียนด้วย​ อันนี้จริงรึเปล่า? #จรพ,anitatina_,"['แฟน', 'เล่า', 'มา', 'ว่า', 'สมัย', 'นาง', 'เรียน', 'นาง', 'ไม่', 'ชอบ', 'อาบน้ำ', 'สระผม', 'แล้วก็', 'เป็น', 'เหา', 'มา', 'เรียน', 'ด้วย', '\u200b', 'อันนี้', 'จริง', 'รึเปล่า', '?', '#จรพ']"
2019-01-21 00:20,0,,#,1087037166272663554,2.0,,https://twitter.com/ployleila/status/1087037166272663554,1,#จรพ ล้วงคอ กินยาลดความอ้วน,ployleila,"['#จรพ', 'ล้วง', 'คอ', 'กิน', 'ยา', 'ลดความอ้วน']"
2019-01-21 00:19,0,,#,1087036932515745792,2.0,,https://twitter.com/ployleila/status/1087036932515745792,3,#จรพ มีคนเอารูปไปใช้ ด่าเขาเสียหาย ไม่มีสมอง หลายอย่างเหอะ พอคนอื่นเข้าไปด่าบ้างกลายเป็นจะร้องไห้ ทำตัวเข้มแข็ง อารมณ์โมโหเหวี่ยงแต่ตาจะร้องไห้อยู่,ployleila,"['#จรพ', 'มี', 'คน', 'เอา', 'รูป', 'ไป', 'ใช้', 'ด่า', 'เขา', 'เสียหาย', 'ไม่มี', 'สมอง', 'หลายอย่าง', 'เหอะ', 'พอ', 'คนอื่น', 'เข้าไป', 'ด่า', 'บ้าง', 'กลายเป็น', 'จะ', 'ร้องไห้', 'ทำตัว', 'เข้มแข็ง', 'อารมณ์', 'โมโห', 'เหวี่ยง', 'แต่', 'ตา', 'จะ', 'ร้องไห้', 'อยู่']"
2019-01-21 00:18,1,,#,1087036699484405760,2.0,,https://twitter.com/ployleila/status/1087036699484405760,13,#จรพ เหยียดคนจนไม่รู้ว่าตัวเองเหยียด สาว parisian ถือของ brandname ด่าคนถือของปลอม (เมื่อก่อนก็ใช้ของปลอม) ด่าคนจนตัวเองดูถูก ถ่ายรูปสวย เก็บอารมณ์บ้างนะ ในไลฟ์เหมือนจะร้องไห้อยู่,ployleila,"['#จรพ', 'เหยียด', 'คนจน', 'ไม่รู้', 'ว่า', 'ตัวเอง', 'เหยียด', 'สาว', 'parisian', 'ถือ', 'ของ', 'brandname', 'ด่า', 'คน', 'ถือ', 'ของปลอม', '(', 'เมื่อก่อน', 'ก็', 'ใช้', 'ของปลอม', ')', 'ด่า', 'คนจน', 'ตัวเอง', 'ดูถูก', 'ถ่ายรูป', 'สวย', 'เก็บ', 'อารมณ์', 'บ้าง', 'นะ', 'ใน', 'ไลฟ์', 'เหมือน', 'จะ', 'ร้องไห้', 'อยู่']"
2019-01-21 00:18,1,,#,1087036644878741504,2.0,,https://twitter.com/anitatina_/status/1087036644878741504,1,#จรพ ​ หนูเบลมทุกอย่างเว้นตัวเองไม่ได้ลูก​ กลิ่นปากหนูก็เช่นกัน​ได้ข่าวว่าผู้เลิกเพราะจูบแล้วปากหนูเหม็นนะลูก,anitatina_,"['#จรพ', '\u200b', 'หนู', 'เบล', 'ม', 'ทุกอย่าง', 'เว้น', 'ตัวเอง', 'ไม่ได้', 'ลูก', '\u200b', 'กลิ่น', 'ปาก', 'หนู', 'ก็', 'เช่นกัน', '\u200b', 'ได้ข่าว', 'ว่า', 'ผู้', 'เลิก', 'เพราะ', 'จูบ', 'แล้ว', 'ปาก', 'หนู', 'เหม็น', 'นะ', 'ลูก']"
2019-02-25 18:44,0,,,1099998485015756800,"2,4",,https://twitter.com/atw_neung/status/1099998485015756800,0,อีพวกสัสนรก อีพวกเปรต อยู่มาได้ไงขนาดนี้ เกลียดสุด เสนียดสุด อีพวก โง่,atw_neung,"['อี', 'พวก', 'สัส', 'นรก', 'อี', 'พวก', 'เปรต', 'อยู่', 'มา', 'ได้', 'ไง', 'ขนาด', 'นี้', 'เกลียด', 'สุด', 'เสนียด', 'สุด', 'อี', 'พวก', 'โง่']"
2019-02-25 18:24,0,,,1099993414542606341,"2,4",,https://twitter.com/tynntaex/status/1099993414542606341,0,เสล่ออ่ะอีควาย น็อตหีน็อตแตดอะไรของมึง ไปบอกมันนะตลาดล่างคือด่าเรื่องสันดารไม่ได้ด่าเรื่องฐานะรวยจน อี โง่,tynntaex,"['เส', 'ล่อ', 'อ่ะ', 'อี', 'ควาย', 'น็อต', 'หี', 'น็อต', 'แตด', 'อะไร', 'ของ', 'มึง', 'ไป', 'บอก', 'มัน', 'นะ', 'ตลาด', 'ล่าง', 'คือ', 'ด่า', 'เรื่อง', 'สัน', 'ดา', 'ร', 'ไม่ได้', 'ด่า', 'เรื่อง', 'ฐานะ', 'รวย', 'จน', 'อี', 'โง่']"
2019-02-25 18:03,0,,,1099988231897006080,"2,4",,https://twitter.com/kkmmnn_R/status/1099988231897006080,0,เป็นไรที่แบบ ไม่โอเคอะ สันดานเหี้ยมาก โง่ อีกและไม่ได้ โง่ คนเดียวด้วยยย,kkmmnn_R,"['เป็นไร', 'ที่', 'แบบ', 'ไม่', 'โอ', 'เคอะ', 'สันดาน', 'เหี้ย', 'มาก', 'โง่', 'อีก', 'และ', 'ไม่ได้', 'โง่', 'คนเดียว', 'ด้วย', 'ยย']"
2019-02-25 17:48,0,,,1099984378707378176,"2,4",,https://twitter.com/NamrinKimm_/status/1099984378707378176,2,แก๊งวัดสิงห์นี่ โง่ อย่างเดียวไม่ได้นะคะ ต้องเหี้ยด้วย,NamrinKimm_,"['แก๊ง', 'วัด', 'สิงห์', 'นี่', 'โง่', 'อย่าง', 'เดียว', 'ไม่ได้', 'นะคะ', 'ต้อง', 'เหี้ย', 'ด้วย']"
2019-02-25 17:14,0,,,1099976020113772544,"2,4",,https://twitter.com/bitchimyourmama/status/1099976020113772544,0,ควยอีสลิ่ม โง่,bitchimyourmama,"['ควย', 'อีส', 'ลิ่ม', 'โง่']"
2019-02-25 16:49,0,,,1099969630007783424,"2,4",,https://twitter.com/minccwwmm__/status/1099969630007783424,0,ไอ่พวกเหี้ยยย สันดานต่ำ ไม่มีการศึกษา โง่ ดักดาน โง่ เงียบๆไม่ได้ต้องโชว์ โง่ อีกไอควาย บริหารประเทศได้ไม่ได้ก็ยังมีประโยชน์มากกว่าพวกมึง ไอ่สัส โมโหๆๆๆๆ สถุน,minccwwmm__,"['ไอ่', 'พวก', 'เหี้ย', 'ยย', 'สันดาน', 'ต่ำ', 'ไม่มีการศึกษา', 'โง่', 'ดักดาน', 'โง่', 'เงียบๆ', 'ไม่ได้', 'ต้อง', 'โชว์', 'โง่', 'อีก', 'ไอ', 'ควาย', 'บริหาร', 'ประเทศ', 'ได้', 'ไม่ได้', 'ก็', 'ยัง', 'มีประโยชน์', 'มากกว่า', 'พวก', 'มึง', 'ไอ่สัส', 'โมโห', 'ๆๆๆๆ', 'ส', 'ถุน']"
2019-02-25 15:18,0,,,1099946630336385025,"2,4",,https://twitter.com/tttardad/status/1099946630336385025,0,โง่ แบบนี้ไม่ควรเป็นสัสดี ควรเป็นไอ้สัสแถวบ้านต่อไป ควย,tttardad,"['โง่', 'แบบนี้', 'ไม่', 'ควร', 'เป็น', 'สัสดี', 'ควร', 'เป็น', 'ไอ้', 'สัส', 'แถว', 'บ้าน', 'ต่อไป', 'ควย']"
2019-02-25 23:29,0,,,1100070361259900929,"2,4",,https://twitter.com/wahkjs/status/1100070361259900929,0,อิเด็กเหี้ยคือรถเมล์ที่ตั้งเยอะ อิดอกไปหาเรื่องเขาอะ แทงเขาตาย ต่ำกว่า ตลาด ล่าง ไอ้หน้าหี,wahkjs,"['อิ', 'เด็ก', 'เหี้ย', 'คือ', 'รถเมล์', 'ที่ตั้ง', 'เยอะ', 'อิด', 'อก', 'ไป', 'หาเรื่อง', 'เขา', 'อะ', 'แทง', 'เขา', 'ตาย', 'ต่ำกว่า', 'ตลาด', 'ล่าง', 'ไอ้', 'หน้า', 'หี']"
2019-02-25 23:25,2,,# #,1100069205649416192,"2,4",,https://twitter.com/shadowth5/status/1100069205649416192,1,เอาเวลาด่า #ป๊อบปองกุล ไปด่าไอ้พวกเหี้ย ตลาดล่าง ที่ไปถล่มโรงเรียน #วัดสิงห์ ดีกว่ามะ อันนั้นอ่ะ เหี้ยที่แท้ทรูไม่มีอะไรผสมเลยนะ,shadowth5,"['เอา', 'เวลา', 'ด่า', '#', 'ป๊อบ', 'ปอง', 'กุล', 'ไป', 'ด่า', 'ไอ้', 'พวก', 'เหี้ย', 'ตลาด', 'ล่าง', 'ที่', 'ไป', 'ถล่ม', 'โรงเรียน', '#', 'วัด', 'สิงห์', 'ดีกว่า', 'มะ', 'อันนั้น', 'อ่ะ', 'เหี้ย', 'ที่แท้', 'ท', 'รู', 'ไม่มี', 'อะไร', 'ผสม', 'เลย', 'นะ']"
2019-02-25 23:18,0,,,1100067570286116865,"2,4",,https://twitter.com/iamboommie/status/1100067570286116865,0,อีป้อม = ตลาดล่าง,iamboommie,"['อี', 'ป้อม', '=', 'ตลาด', 'ล่าง']"
2019-02-25 22:43,0,,,1100058757604663296,"2,4",,https://twitter.com/Chatchadaphon8/status/1100058757604663296,0,เราอยู่ในยุคอะไรวะยุคที่พวก ตลาดล่าง ทำตัวเหี้ยๆ คนดีๆคนที่กำลังมีอนาคตก็ต้องมาตายเพราะพวกห่านี่หรอวะ,Chatchadaphon8,"['เรา', 'อยู่', 'ใน', 'ยุค', 'อะไร', 'วะ', 'ยุค', 'ที่', 'พวก', 'ตลาด', 'ล่าง', 'ทำตัว', 'เหี้ย', 'ๆ', 'คนดี', 'ๆคน', 'ที่', 'กำลัง', 'มี', 'อนาคต', 'ก็', 'ต้อง', 'มา', 'ตาย', 'เพราะ', 'พวก', 'ห่า', 'นี่', 'หรอ', 'วะ']"
2019-02-25 22:41,0,,,1100058092744540160,"2,4",,https://twitter.com/Cherrieheering/status/1100058092744540160,1,กูอยากรวย กูอยากเอาเงินกูออกค่าทำหมันให้อิพวกเดนนรก ตลาด ล่าง สัมปเวสีทั้งหลายเอง กุออกเงินให้ฟรีหยุดการแพร่เชื้อทางหีทางควยพวกมัน,Cherrieheering,"['กู', 'อยาก', 'รวย', 'กู', 'อยาก', 'เอา', 'เงิน', 'กู', 'ออก', 'ค่า', 'ทำหมัน', 'ให้', 'อิ', 'พวก', 'เดนนรก', 'ตลาด', 'ล่าง', 'สัมปเว', 'สี', 'ทั้งหลาย', 'เอง', 'กุ', 'ออก', 'เงิน', 'ให้', 'ฟรี', 'หยุด', 'การ', 'แพร่เชื้อ', 'ทาง', 'หี', 'ทาง', 'ควย', 'พวก', 'มัน']"
2019-02-25 22:26,0,,,1100054367384682497,"2,4",,https://twitter.com/nippon043/status/1100054367384682497,0,555555โคตรควายว่ะไอ้เหี้ย โง่ การศึกษาต่ำ ตลาด ล่าง ไอ้สัส,nippon043,"['555555', 'โคตร', 'ควาย', 'ว่ะ', 'ไอ้', 'เหี้ย', 'โง่', 'การศึกษา', 'ต่ำ', 'ตลาด', 'ล่าง', 'ไอ้', 'สัส']"
2019-02-25 21:57,1,,# #pat5,1100047236090671104,"2,4",,https://twitter.com/PJKB1/status/1100047236090671104,0,ตลาดล่าง พาเดือนร้อนไอเด็กหัวควย #วัดสิงห์ #pat5,PJKB1,"['ตลาด', 'ล่าง', 'พา', 'เดือนร้อน', 'ไอ', 'เด็ก', 'หัว', 'ควย', '#', 'วัด', 'สิงห์', '#', 'pat', '5']"
2019-02-25 21:38,3,,#,1100042278431682560,"2,4",,https://twitter.com/kruran444/status/1100042278431682560,3,อีอัปปรีย์ จัญไร ไฟไหม้ โลกีย์ Heeตี่Tadเน่า #วัดสิงค์ ตลาดล่าง อย่างมึงต้องเจอ ตลาดล่าง อย่างกูนี่ (ขออภัยที่หยาบคาย) https:// twitter.com/jjjha_23/statu s/1099954000118464515 …,kruran444,"['อี', 'อัปป', 'รี', 'ย์', 'จัญไร', 'ไฟไหม้', 'โลกีย์', 'Hee', 'ตี่', 'Tad', 'เน่า', '#', 'วัด', 'สิงค์', 'ตลาด', 'ล่าง', 'อย่าง', 'มึง', 'ต้อง', 'เจอ', 'ตลาด', 'ล่าง', 'อย่าง', 'กู', 'นี่', '(', 'ขออภัย', 'ที่', 'หยาบคาย', ')', 'https', '://', 'twitter', '.', 'com', '/', 'jjjha', '_', '23', '/', 'statu', 's', '/', '1099954000118464515', '…']"
2019-02-25 21:27,0,,,1100039472274583552,"2,4",,https://twitter.com/aaomjittrawan/status/1100039472274583552,0,สันดาน ตลาดล่าง อีเหี้ย,aaomjittrawan,"['สันดาน', 'ตลาด', 'ล่าง', 'อี', 'เหี้ย']"
2019-02-25 21:17,1,,,1100037163620560896,"2,4",,https://twitter.com/SasikanT2/status/1100037163620560896,0,แม่งเอ๊ยยยยย เหี้ยจริงๆ เก่งแต่กับคนไม่มีทางสู้ แม้แต่ครูบาอาจารย์ มึงยังไม่ละเว้น น้องๆนักเรียน ยามที่เขาไม่รู้เรื่องรู้ราวด้วย มึงก็ข่มเหงรังแกเขา สันดาน ลงโทษแม่งให้หนัก อย่าให้เป็นเยี่ยงอย่างกับไอ้อี ตลาดล่าง ที่ไหนอีก!,SasikanT2,"['แม่', 'ง', 'เอ๊ย', 'ยยยย', 'เหี้ย', 'จริงๆ', 'เก่ง', 'แต่', 'กับ', 'คน', 'ไม่มีทาง', 'สู้', 'แม้แต่', 'ครูบาอาจารย์', 'มึง', 'ยัง', 'ไม่', 'ละเว้น', 'น้องๆ', 'นักเรียน', 'ยาม', 'ที่', 'เขา', 'ไม่', 'รู้เรื่อง', 'รู้', 'ราว', 'ด้วย', 'มึง', 'ก็', 'ข่มเหง', 'รังแก', 'เขา', 'สันดาน', 'ลงโทษ', 'แม่', 'ง', 'ให้', 'หนัก', 'อย่า', 'ให้', 'เป็น', 'เยี่ยงอย่าง', 'กับ', 'ไอ้', 'อี', 'ตลาด', 'ล่าง', 'ที่ไหน', 'อีก', '!']"
2019-02-25 21:01,0,,#,1100033160660709376,"2,4",,https://twitter.com/Deadlin17378027/status/1100033160660709376,2,งานบวชบ้านกูเอาแตรวงมาเล่นไม่ได้รบกวนชาวบ้านแบบพวกมึงอีควาย มาบอกไม่รู้ เสียตังค์เป็นหมื่น หืมมม หมื่นมึงกะอนาคตคนเนี่ยอีเวร วัดไม่บอกแต่แรก โบ้ยชิปหาย มันอยู่ที่สันดานมั้ยไอสัส ว่ารบกวนชาวบ้านเค้ามันก็ต้องรู้ลิมิต อย่าโง่! แล้วโคโยตี้บ้านมึงเต้นเด้งๆในวัดดิ ตลาดล่าง ! #วัดสิงห์,Deadlin17378027,"['งาน', 'บวช', 'บ้าน', 'กู', 'เอา', 'แตรวง', 'มา', 'เล่น', 'ไม่ได้', 'รบกวน', 'ชาวบ้าน', 'แบบ', 'พวก', 'มึง', 'อี', 'ควาย', 'มา', 'บอก', 'ไม่รู้', 'เสีย', 'ตังค์', 'เป็น', 'หมื่น', 'หืมมม', 'หมื่น', 'มึง', 'กะ', 'อนาคต', 'คน', 'เนี่ย', 'อี', 'เวร', 'วัด', 'ไม่', 'บอก', 'แต่แรก', 'โบ้ย', 'ชิป', 'หาย', 'มัน', 'อยู่', 'ที่', 'สันดาน', 'มั้ย', 'ไอ', 'สัส', 'ว่า', 'รบกวน', 'ชาวบ้าน', 'เค้า', 'มัน', 'ก็', 'ต้อง', 'รู้', 'ลิมิต', 'อย่า', 'โง่', '!', 'แล้ว', 'โคโยตี้', 'บ้าน', 'มึง', 'เต้น', 'เด้ง', 'ๆ', 'ใน', 'วัด', 'ดิ', 'ตลาด', 'ล่าง', '!', '#', 'วัด', 'สิงห์']"
2019-02-25 20:49,0,,,1100030058964512768,"2,4",,https://twitter.com/paenqrjr/status/1100030058964512768,0,อีป้อมอีควาย https:// twitter.com/mookusama/stat us/1099986258753798144 …,paenqrjr,"['อี', 'ป้อม', 'อี', 'ควาย', 'https', '://', 'twitter', '.', 'com', '/', 'mookusama', '/', 'stat', 'us', '/', '1099986258753798144', '…']"
2019-02-25 20:33,1,,#PAT5 #,1100026104578887682,"2,4",,https://twitter.com/me_itppangg/status/1100026104578887682,0,อีควาย ควายมาก มากจนแบบอิดอกกูไม่รู้จะด่าไงดี กล้าถามได้ไงวะทำไมต้องสอบวันนี้ เค้าต้องถามมึงมากกว่ามาบวชควยไรวันนี้ มาหงายการ์ดไม่รู้จัก Gat-Pat โง่มาโง่เหี้ยๆโง่จนแบบมึงโตมายังไงวะไอสัส เด็กป.2 แถวบ้านกูแม่งยังรู้จักเลย เบื่ออิพวก ตลาด ล่าง จริงๆ สวะ! #PAT5 #วัดสิงห์,me_itppangg,"['อี', 'ควาย', 'ควาย', 'มาก', 'มาก', 'จน', 'แบบ', 'อิด', 'อก', 'กู', 'ไม่รู้', 'จะ', 'ด่า', 'ไง', 'ดี', 'กล้า', 'ถาม', 'ได้', 'ไง', 'วะ', 'ทำไม', 'ต้อง', 'สอบ', 'วันนี้', 'เค้า', 'ต้อง', 'ถาม', 'มึง', 'มากกว่า', 'มา', 'บวช', 'ควย', 'ไร', 'วันนี้', 'มา', 'หงาย', 'การ์ด', 'ไม่', 'รู้จัก', 'Gat-Pat', 'โง่', 'มา', 'โง่', 'เหี้ย', 'ๆ', 'โง่', 'จน', 'แบบ', 'มึง', 'โตมา', 'ยังไง', 'วะ', 'ไอ', 'สัส', 'เด็ก', 'ป.', '2', 'แถว', 'บ้าน', 'กู', 'แม่', 'ง', 'ยัง', 'รู้จัก', 'เลย', 'เบื่อ', 'อิ', 'พวก', 'ตลาด', 'ล่าง', 'จริงๆ', 'สวะ', '!', '#', 'PAT', '5', '#', 'วัด', 'สิงห์']"
2019-02-25 19:35,0,,,1100011414901542912,"2,4",,https://twitter.com/m1EqEQbNljZpNhS/status/1100011414901542912,0,คือเข้าไปพังโรงเรียนไล่ตื้บเด็กนักเรียน สำหรับคนพวกนี้คือเรื่องปกติ ไม่รู้เลยเหรอว่ามันผิดกฎหมาย เออตระกูลเหี้ยสังคม ตลาด ล่าง ของแท้ยกหมู่จริงๆ,m1EqEQbNljZpNhS,"['คือ', 'เข้าไป', 'พัง', 'โรงเรียน', 'ไล่', 'ตื้บ', 'เด็กนักเรียน', 'สำหรับ', 'คน', 'พวก', 'นี้', 'คือ', 'เรื่อง', 'ปกติ', 'ไม่รู้', 'เลย', 'เหรอ', 'ว่า', 'มัน', 'ผิดกฎหมาย', 'เออ', 'ตระกูล', 'เหี้ย', 'สังคม', 'ตลาด', 'ล่าง', 'ของแท้', 'ยก', 'หมู่', 'จริงๆ']"
2019-02-25 19:11,2,,#,1100005487221698561,"2,4",,https://twitter.com/lol_blackcat/status/1100005487221698561,0,น่าจะเอาพวก ตลาดล่าง มาฆ่าให้หมด ไอ้พวกนี้แหละที่ทำให้ประเทศไม่เจริญ ไม่ใช่นักการเมืองที่ไหนหรอก #วัดสิงค์,lol_blackcat,"['น่าจะ', 'เอา', 'พวก', 'ตลาด', 'ล่าง', 'มา', 'ฆ่า', 'ให้', 'หมด', 'ไอ้', 'พวก', 'นี้แหละ', 'ที่', 'ทำให้', 'ประเทศ', 'ไม่', 'เจริญ', 'ไม่ใช่', 'นักการเมือง', 'ที่ไหน', 'หรอก', '#', 'วัด', 'สิงค์']"
2019-02-25 18:57,1,,,1100001712813666304,"2,4",,https://twitter.com/Bunnlai_i/status/1100001712813666304,1,หุบปาก!นังกระหรี่! อีนังซ่องอีลูกกระหรี่อีตัวเชื้อโรคคคอิ๋วววนี่ชั้นต้องใช้ชีวิตร่วมโลกกับคนแบบนี่หรือนี่ จิ๋มน่าจะคัดกรองคนดีมานะ กระหรี่จะได้ไม่เบอะบ๊ะเต็มบ้านเต็มเมืองงอี๋ ตลาดล่าง ! pic.twitter.com/6uT8rTkYKZ,Bunnlai_i,"['หุบปาก', '!', 'นัง', 'กระ', 'หรี่', '!', 'อี', 'นัง', 'ซ่อง', 'อี', 'ลูก', 'กระ', 'หรี่', 'อีตัว', 'เชื้อโรค', 'คค', 'อิ๋ววว', 'นี่', 'ชั้น', 'ต้อง', 'ใช้ชีวิต', 'ร่วม', 'โลก', 'กับ', 'คน', 'แบบ', 'นี่', 'หรือ', 'นี่', 'จิ๋ม', 'น่าจะ', 'คัด', 'กรอง', 'คนดี', 'มานะ', 'กระ', 'หรี่', 'จะ', 'ได้', 'ไม่', 'เบอะ', 'บ๊ะ', 'เต็ม', 'บ้าน', 'เต็ม', 'เมือ', 'งง', 'อี๋', 'ตลาด', 'ล่าง', '!', 'pic', '.', 'twitter', '.', 'com', '/', '6', 'uT', '8', 'rTkYKZ']"
2019-02-25 18:53,0,,,1100000941481197568,"2,4",,https://twitter.com/Bunnlai_i/status/1100000941481197568,0,อิ๋วววว บัก ตลาดล่าง heeโบ๋ ยังจ๊ะะนังกรี่! https:// twitter.com/jeanxmha/statu s/1099870998701035520 …,Bunnlai_i,"['อิ๋วววว', 'บัก', 'ตลาด', 'ล่าง', 'hee', 'โบ๋', 'ยัง', 'จ๊ะ', 'ะ', 'นัง', 'ก', 'รี่', '!', 'https', '://', 'twitter', '.', 'com', '/', 'jeanxmha', '/', 'statu', 's', '/', '1099870998701035520', '…']"
2019-02-25 18:34,1,,# #gatpat62,1099996160733802496,"2,4",,https://twitter.com/wnwwnb1/status/1099996160733802496,2,อย่าเหยียบให้จมดิน? อีนรก สันดานเปรต ให้คนที่มึงไปกระทืบ มากระทืบมึงกลับได้มั้ยล่ะควย *คัฟพ่อคัฟแม่มึงอ่ะ รู้เลยว่าไม่มีการศึกษา ตลาดล่าง จะอ้วก #วัดสิงห์ #gatpat62 pic.twitter.com/loBE3piXby,wnwwnb1,"['อย่า', 'เหยียบ', 'ให้', 'จม', 'ดิน', '?', 'อี', 'นรก', 'สันดาน', 'เปรต', 'ให้', 'คน', 'ที่', 'มึง', 'ไป', 'กระทืบ', 'มา', 'กระทืบ', 'มึง', 'กลับ', 'ได้', 'มั้ย', 'ล่ะ', 'ควย', '*คัฟ', 'พ่อ', 'คัฟ', 'แม่', 'มึง', 'อ่ะ', 'รู้', 'เลย', 'ว่า', 'ไม่มีการศึกษา', 'ตลาด', 'ล่าง', 'จะ', 'อ้วก', '#', 'วัด', 'สิงห์', '#', 'gatpat', '62', 'pic', '.', 'twitter', '.', 'com', '/', 'loBE', '3', 'piXby']"
2019-02-25 18:00,0,,,1099987415597367296,"2,4",,https://twitter.com/AomAmm0701/status/1099987415597367296,0,อีควาย อีเหี้ย โคตรพ่อโคตรแม่มึงไม่สั่งสอนอีสัส เห็นกล้องวงจรปิดละโมโห กร่างมากอีเหี้ย อีพวก ตลาดล่าง อีต่ำตม หน้าเหี้ยสันดานยังเหี้ยอีกอ่ะ,AomAmm0701,"['อี', 'ควาย', 'อี', 'เหี้ย', 'โคตร', 'พ่อ', 'โคตร', 'แม่', 'มึง', 'ไม่', 'สั่งสอน', 'อี', 'สัส', 'เห็น', 'กล้องวงจรปิด', 'ละ', 'โมโห', 'กร่าง', 'มาก', 'อี', 'เหี้ย', 'อี', 'พวก', 'ตลาด', 'ล่าง', 'อี', 'ต่ำ', 'ตม', 'หน้า', 'เหี้ย', 'สันดาน', 'ยัง', 'เหี้ย', 'อีก', 'อ่ะ']"
2019-02-25 16:14,1,,#pat5 # #GATPAT #dek65 #dek64 #dek63 #dek62 #dek61,1099960698921054208,"2,4",,https://twitter.com/ygtp_r/status/1099960698921054208,3,อีพวก ตลาดล่าง หน้าหี!!! อีสัส เศษสวะสังคม คำนี้ยังน้อยไปสำหรับพวกมึง ปิดหน้าหรอ หน้าพ่อมึงสิ อีดอก! เหี้ยเกิน เหาที่อยู่บนหัวยังมีประโยชน์กว่าพวกมึงอีก อีสัส หน้าหี!! #pat5 #วัดสิงห์ #GATPAT #dek65 #dek64 #dek63 #dek62 #dek61,ygtp_r,"['อี', 'พวก', 'ตลาด', 'ล่าง', 'หน้า', 'หี', '!!!', 'อี', 'สัส', 'เศษ', 'สวะ', 'สังคม', 'คำ', 'นี้', 'ยัง', 'น้อย', 'ไป', 'สำหรับ', 'พวก', 'มึง', 'ปิดหน้า', 'หรอ', 'หน้า', 'พ่อ', 'มึง', 'สิ', 'อี', 'ดอก', '!', 'เหี้ย', 'เกิน', 'เหา', 'ที่อยู่', 'บน', 'หัว', 'ยัง', 'มีประโยชน์', 'กว่า', 'พวก', 'มึง', 'อีก', 'อี', 'สัส', 'หน้า', 'หี', '!!', '#', 'pat', '5', '#', 'วัด', 'สิงห์', '#', 'GATPAT', '#', 'dek', '65', '#', 'dek', '64', '#', 'dek', '63', '#', 'dek', '62', '#', 'dek', '61']"
2019-02-25 16:13,0,,,1099960483702988801,"2,4",,https://twitter.com/yxy1212/status/1099960483702988801,0,ด่าเหี้ยยังสงสารเหี้ยเลยมึง ตลาดล่าง มาก แม่งมีหน้ามาพูดว่าทำไมไม่แจ้ง อีห่า เขาออกข่าวทั่วประเทศโว้ยยยย ข่าวน่ะหัดดูบ้างดิ ไม่ใช่มัวแต่เล่นไพ่,yxy1212,"['ด่า', 'เหี้ย', 'ยัง', 'สงสาร', 'เหี้ย', 'เลย', 'มึง', 'ตลาด', 'ล่าง', 'มาก', 'แม่', 'ง', 'มีหน้า', 'มา', 'พูดว่า', 'ทำไม', 'ไม่', 'แจ้ง', 'อี', 'ห่า', 'เขา', 'ออก', 'ข่าว', 'ทั่วประเทศ', 'โว้ย', 'ยยย', 'ข่าว', 'น่ะ', 'หัด', 'ดู', 'บ้าง', 'ดิ', 'ไม่ใช่', 'มัว', 'แต่', 'เล่นไพ่']"
2019-02-25 15:25,18,,# # #,1099948458788544512,"2,4",,https://twitter.com/ArmTewit/status/1099948458788544512,14,ฝากถึงพวกแก๊งบวช ตลาดล่าง พวกมึงลองบุกมาที่ห้องสอบเด็กนิติฯดูสิ พวกกูจะทุบหัวด้วยประมวล !!! #พูดละขึ้น #เด็กนิติ #ประมวลกูหนัก7โล,ArmTewit,"['ฝาก', 'ถึง', 'พวก', 'แก๊ง', 'บวช', 'ตลาด', 'ล่าง', 'พวก', 'มึง', 'ลอง', 'บุก', 'มา', 'ที่', 'ห้อง', 'สอบ', 'เด็ก', 'นิติ', 'ฯ', 'ดู', 'สิ', 'พวก', 'กู', 'จะ', 'ทุบ', 'หัว', 'ด้วย', 'ประมวล', '!!!', '#', 'พูด', 'ละ', 'ขึ้น', '#', 'เด็ก', 'นิติ', '#', 'ประมวล', 'กู', 'หนัก', '7', 'โล']"
2019-02-25 15:17,1,,,1099946359367512064,"2,4",,https://twitter.com/nood_rider/status/1099946359367512064,0,ตลาดล่าง ? นึกว่าสัตว์นรก,nood_rider,"['ตลาด', 'ล่าง', '?', 'นึก', 'ว่า', 'สัตว์', 'นรก']"
2019-02-25 15:16,0,,,1099946282028658688,"2,4",,https://twitter.com/yeolchanchanyc/status/1099946282028658688,0,อี ตลาดล่าง อีพวกเหี้ย ทำเหี้ยไรไม่คิด หยี๋ๆ,yeolchanchanyc,"['อี', 'ตลาด', 'ล่าง', 'อี', 'พวก', 'เหี้ย', 'ทำ', 'เหี้ย', 'ไร', 'ไม่', 'คิด', 'หยี๋ๆ']"
2019-02-25 15:09,0,,,1099944393815994368,"2,4",,https://twitter.com/rainnyrain4/status/1099944393815994368,0,อีขยะโลก หน้าหี อีชะนีก็ไม่ห้ามผัว ตลาดล่าง มึงเนอะ เลวมาก https:// twitter.com/Nalinee_OPLE/s tatus/1099652851200978947 …,rainnyrain4,"['อี', 'ขยะ', 'โลก', 'หน้า', 'หี', 'อี', 'ชะนี', 'ก็', 'ไม่', 'ห้าม', 'ผัว', 'ตลาด', 'ล่าง', 'มึง', 'เนอะ', 'เลว', 'มาก', 'https', '://', 'twitter', '.', 'com', '/', 'Nalinee', '_', 'OPLE', '/', 's', 'tatus', '/', '1099652851200978947', '…']"
2019-02-25 14:40,2,,,1099937267408285697,"2,4",,https://twitter.com/Pcn63490139/status/1099937267408285697,3,ถ้าฉันเป็นฮิตเลอร์ จะไม่รมแก๊สชาวยิว แต่จะรมอิพวกขยะ ตลาดล่าง นี่ !!! หยี !! สกปรก !!,Pcn63490139,"['ถ้า', 'ฉัน', 'เป็น', 'ฮิตเลอร์', 'จะ', 'ไม่', 'รม', 'แก๊ส', 'ชาว', 'ยิว', 'แต่', 'จะ', 'รม', 'อิ', 'พวก', 'ขยะ', 'ตลาด', 'ล่าง', 'นี่', '!!!', 'หยี', '!!', 'สกปรก', '!!']"
2019-02-25 14:21,7,,#,1099932457585991680,"2,4",,https://twitter.com/Nuchada8/status/1099932457585991680,2,พวก ตลาดล่าง หนักแผ่นดิน ค้วยยยย!!!! #วัดสิงค์,Nuchada8,"['พวก', 'ตลาด', 'ล่าง', 'หนัก', 'แผ่นดิน', 'ค้วยยยย!!!!', '#', 'วัด', 'สิงค์']"
2019-02-25 14:01,0,,,1099927383908311045,"2,4",,https://twitter.com/panaphankit/status/1099927383908311045,0,โคตรเกลียดพวกเหี้ย ตลาดล่าง นี่จริงๆ https:// twitter.com/kengkie/status /1099664488154902529 …,panaphankit,"['โคตร', 'เกลียด', 'พวก', 'เหี้ย', 'ตลาด', 'ล่าง', 'นี่', 'จริงๆ', 'https', '://', 'twitter', '.', 'com', '/', 'kengkie', '/', 'status', '/', '1099664488154902529', '…']"
2019-02-25 13:55,0,,,1099925861006860288,"2,4",,https://twitter.com/LMaruko24/status/1099925861006860288,0,โมโห อีเหี้ย เด็กนิสัยเหี้ยๆ ตลาดล่าง ควย,LMaruko24,"['โมโห', 'อี', 'เหี้ย', 'เด็ก', 'นิสัย', 'เหี้ย', 'ๆ', 'ตลาด', 'ล่าง', 'ควย']"
