date,favorites,geo,hashtags,id,label,mentions,permalink,retweets,text,username,text_tokenized
2019-01-20 12:07,0,,,1086852708827488257,3.0,,https://twitter.com/twometre/status/1086852708827488257,1,หมูกรอบ พุทธ: ขอน้ำจิ้ม คริสต์: ขอน้ำจิ้ม อิสลาม : ขอน้ำดิน,twometre,"['หมู', 'กรอบ', 'พุทธ', ':', 'ขอ', 'น้ำจิ้ม', 'คริสต์', ':', 'ขอ', 'น้ำจิ้ม', 'อิสลาม', ':', 'ขอ', 'น้ำ', 'ดิน']"
2019-01-20 02:35,0,,,1086708648603054080,3.0,,https://twitter.com/yokforgotten/status/1086708648603054080,0,เพื่อนที่เป็น อิสลาม แต่เกิดปีหมู บาปมั้ยคะ,yokforgotten,"['เพื่อน', 'ที่', 'เป็น', 'อิสลาม', 'แต่', 'เกิด', 'ปี', 'หมู', 'บาป', 'มั้ย', 'คะ']"
2019-01-19 22:39,0,,,1086649292524122113,3.0,,https://twitter.com/are_selet/status/1086649292524122113,0,เมื่อไหร่อิอ้วน อิสลาม นี่จะตายๆไปสักที,are_selet,"['เมื่อไหร่', 'อิ', 'อ้วน', 'อิสลาม', 'นี่', 'จะ', 'ตาย', 'ๆ', 'ไป', 'สักที']"
2019-01-19 17:58,0,,,1086578611006496769,3.0,,https://twitter.com/WWrSdwBYnVxHcb8/status/1086578611006496769,0,อิสลาม อยากกลืนประเทศไทยก เมืองพุทธ,WWrSdwBYnVxHcb8,"['อิสลาม', 'อยาก', 'กลืน', 'ประเทศ', 'ไท', 'ยก', 'เมือง', 'พุทธ']"
2019-01-19 17:31,0,,,1086571852217049088,3.0,,https://twitter.com/KieKooKJungJeon/status/1086571852217049088,0,บอกแม่ค้าที่เป็น อิสลาม ว่าเอากระเพราหมู,KieKooKJungJeon,"['บอก', 'แม่ค้า', 'ที่', 'เป็น', 'อิสลาม', 'ว่า', 'เอา', 'กระ', 'เพรา', 'หมู']"
2019-01-19 15:19,0,,,1086538691340787712,3.0,,https://twitter.com/DANIKKANG9/status/1086538691340787712,0,มีเพื่อนเป็น อิสลาม แล้วชวนกินหมูคือสนุก555666666665555,DANIKKANG9,"['มี', 'เพื่อน', 'เป็น', 'อิสลาม', 'แล้ว', 'ชวน', 'กิน', 'หมู', 'คือ', 'สนุก', '555666666665555']"
2019-01-19 13:19,0,,,1086508445203722241,3.0,,https://twitter.com/fnd1982/status/1086508445203722241,0,ฆ่าคนไม่เลือกหน้า เขาไม่เรียกคนมีศาสนา เพราะนั่นไม่ใช่ อิสลาม อิสลาม นั่นสูงส่ง ไม่มีอะไรสูงส่งกว่า อิสลาม,fnd1982,"['ฆ่า', 'คน', 'ไม่เลือกหน้า', 'เขา', 'ไม่', 'เรียก', 'คน', 'มี', 'ศาสนา', 'เพราะ', 'นั่น', 'ไม่ใช่', 'อิสลาม', 'อิสลาม', 'นั่น', 'สูงส่ง', 'ไม่มี', 'อะไร', 'สูงส่ง', 'กว่า', 'อิสลาม']"
2019-01-19 07:08,1,,,1086414990796480512,3.0,,https://twitter.com/11Napas/status/1086414990796480512,0,เอา อิสลาม ออกจากประเทศกุที ไม่ต้องละเอียดอ่อนละ ยิงพระมันไม่เห็นละเอียดอ่อนเลย อิสลาม ดีดีก็มีแหละแต่ก็มีศาสนาเดียวนี่แหละที่ผู้ก่อการร้ายเยอะมาก,11Napas,"['เอา', 'อิสลาม', 'ออกจาก', 'ประเทศ', 'กุ', 'ที', 'ไม่ต้อง', 'ละเอียดอ่อน', 'ละ', 'ยิง', 'พระ', 'มัน', 'ไม่เห็น', 'ละเอียดอ่อน', 'เลย', 'อิสลาม', 'ดี', 'ดี', 'ก็', 'มี', 'แหละ', 'แต่', 'ก็', 'มี', 'ศาสนา', 'เดียว', 'นี่แหละ', 'ที่', 'ผู้ก่อการร้าย', 'เยอะ', 'มาก']"
2019-01-18 17:02,0,,,1086202058615644160,3.0,,https://twitter.com/PNW5v9t3fOORhzL/status/1086202058615644160,0,ป้ายห้ามเอาแพะทำเมีย (ห้ามแขก ที่นับถือ อิสลาม pic.twitter.com/e7816Hfu6W,PNW5v9t3fOORhzL,"['ป้าย', 'ห้าม', 'เอา', 'แพะ', 'ทำ', 'เมีย', '(', 'ห้าม', 'แขก', 'ที่', 'นับถือ', 'อิสลาม', 'pic', '.', 'twitter', '.', 'com', '/', 'e', '7816', 'Hfu', '6', 'W']"
2019-01-17 12:08,0,,,1085765775137345536,3.0,,https://twitter.com/anukamix1/status/1085765775137345536,0,ไม่มีมนุษย์คนไหนที่ มีสติปัญญาไปนับ ถือลัทธิ อิสลาม หรอก,anukamix1,"['ไม่มี', 'มนุษย์', 'คน', 'ไหน', 'ที่', 'มีสติปัญญา', 'ไป', 'นับ', 'ถือ', 'ลัทธิ', 'อิสลาม', 'หรอก']"
2019-01-17 09:42,0,,,1085729012549181440,3.0,,https://twitter.com/najoahhae/status/1085729012549181440,1,สั่งข้าวต้มหมูกับร้าน อิสลาม pic.twitter.com/NTDWOGtI3A,najoahhae,"['สั่ง', 'ข้าวต้ม', 'หมู', 'กับ', 'ร้าน', 'อิสลาม', 'pic', '.', 'twitter', '.', 'com', '/', 'NTDWOGtI', '3', 'A']"
2019-01-16 18:47,0,,,1085503840168759296,3.0,,https://twitter.com/Thamepesta/status/1085503840168759296,0,อิสลาม กินหมูนี่บาปมากมั๊ย 5555555555555,Thamepesta,"['อิสลาม', 'กิน', 'หมู', 'นี่', 'บาป', 'มาก', 'มั๊ย', '5555555555555']"
2019-01-16 16:31,0,,,1085469531089264640,3.0,,https://twitter.com/cpblue/status/1085469531089264640,0,อร่อยจนต้องลาออกจากศาสนา อิสลาม แน่นอน,cpblue,"['อร่อย', 'จน', 'ต้อง', 'ลา', 'ออกจาก', 'ศาสนา', 'อิสลาม', 'แน่นอน']"
2019-01-15 22:33,0,,,1085198256882106368,3.0,,https://twitter.com/xgoodbyemygirlx/status/1085198256882106368,0,อยากจับหมูยัดปาก อิสลาม ในห้อง ควย หาว่ากูลอกข้อสอบ หาว่ากูไม่พยายาม หาว่ากูดูทรส มึงจะเอายังไง!!!!! pic.twitter.com/9LL2ssMjck,xgoodbyemygirlx,"['อยาก', 'จับ', 'หมู', 'ยัด', 'ปาก', 'อิสลาม', 'ใน', 'ห้อง', 'ควย', 'หาว่า', 'กู', 'ลอก', 'ข้อสอบ', 'หาว่า', 'กู', 'ไม่', 'พยายาม', 'หาว่า', 'กู', 'ดู', 'ทรส', 'มึง', 'จะ', 'เอา', 'ยังไง', '!!!!!', 'pic', '.', 'twitter', '.', 'com', '/', '9', 'LL', '2', 'ssMjck']"
2019-01-15 20:12,0,,,1085162700114522113,3.0,,https://twitter.com/mewzpinoc/status/1085162700114522113,1,"เมื่อเพื่อน อิสลาม ชวนกินหมูกะทะ... ได้แต่กล่าวว่า หมูอยู่ในกระเพาะ พระอัลเลาะห์อยู่ในใจ""",mewzpinoc,"['เมื่อ', 'เพื่อน', 'อิสลาม', 'ชวน', 'กิน', 'หมู', 'กะทะ', '...', 'ได้', 'แต่', 'กล่าวว่า', 'หมู', 'อยู่', 'ใน', 'กระเพาะ', 'พระ', 'อัล', 'เลาะ', 'ห์', 'อยู่', 'ใน', 'ใจ', '""']"
2019-01-15 17:29,1,,,1085121898881544192,3.0,,https://twitter.com/gobbblinn/status/1085121898881544192,0,ฉันจะบาปมั้ยอ่ะ ให้เพื่อน อิสลาม สั่งบาบิคิวหมูให้กิน,gobbblinn,"['ฉัน', 'จะ', 'บาป', 'มั้ย', 'อ่ะ', 'ให้', 'เพื่อน', 'อิสลาม', 'สั่ง', 'บา', 'บิ', 'คิว', 'หมู', 'ให้', 'กิน']"
2019-01-12 20:18,0,,,1084077161508532224,3.0,,https://twitter.com/lordbsd/status/1084077161508532224,0,ลุงต้องเปลี่ยนมานับถือ อิสลาม ถึงจะไม่คุก เด็ก 11 ก็จัดได้,lordbsd,"['ลุง', 'ต้อง', 'เปลี่ยน', 'มา', 'นับถือ', 'อิสลาม', 'ถึง', 'จะ', 'ไม่', 'คุก', 'เด็ก', '11', 'ก็', 'จัด', 'ได้']"
2019-01-12 15:02,0,,,1083997576074907649,3.0,,https://twitter.com/JValenztino/status/1083997576074907649,0,หูยาวเหมียนสิทธัตถะขนาดเน้เปง อิสลาม ได้ไง,JValenztino,"['หู', 'ยาว', 'เหมียน', 'สิทธัตถะ', 'ขนาด', 'เน้', 'เปง', 'อิสลาม', 'ได้', 'ไง']"
2019-01-10 00:41,0,,,1083056144828948480,3.0,,https://twitter.com/JUSTYOUHB/status/1083056144828948480,0,อีเหี้ย มีผัว อิสลาม กูกลั้นหายใจตายดีกว่า,JUSTYOUHB,"['อี', 'เหี้ย', 'มี', 'ผัว', 'อิสลาม', 'กู', 'กลั้นหายใจ', 'ตาย', 'ดีกว่า']"
2019-01-07 17:41,0,,,1082225806170943489,3.0,,https://twitter.com/406296/status/1082225806170943489,0,แม่โดนเลขา อิสลาม โกงตัง อีอัลเลาะห์เกลียดกูจริงแน่ๆ ดูออก อิสัด,406296,"['แม่', 'โดน', 'เลขา', 'อิสลาม', 'โกง', 'ตัง', 'อี', 'อัล', 'เลาะ', 'ห์', 'เกลียด', 'กู', 'จริง', 'แน่ๆ', 'ดูออก', 'อิ', 'สัด']"
2019-01-07 16:45,0,,,1082211582707286017,3.0,,https://twitter.com/a_kpnyy/status/1082211582707286017,0,คือเข้าใจว่าที่ อิสลาม กินหมูไม่ได้ เพราะ นับถือหมูอ่ะ5555555555555,a_kpnyy,"['คือ', 'เข้าใจ', 'ว่าที่', 'อิสลาม', 'กิน', 'หมู', 'ไม่ได้', 'เพราะ', 'นับถือ', 'หมู', 'อ่ะ', '5555555555555']"
2019-01-07 14:39,0,,,1082180003540791301,3.0,,https://twitter.com/1218kezzy/status/1082180003540791301,0,อิสลาม หนูจะมาแซวผู้ชายบนรถโดยสารแบบนี้ไม่ได้นะ พระอัลเลาะห์จะกริ้วเอา !,1218kezzy,"['อิสลาม', 'หนู', 'จะ', 'มา', 'แซว', 'ผู้ชาย', 'บน', 'รถโดยสาร', 'แบบนี้', 'ไม่ได้', 'นะ', 'พระ', 'อัล', 'เลาะ', 'ห์', 'จะ', 'กริ้ว', 'เอา', '!']"
2019-01-06 23:47,1,,#,1081955461509787649,3.0,,https://twitter.com/pansai02/status/1081955461509787649,0,มีคนบอกว่าผู้หญิง อิสลาม ส่วนใหญ่ sex จัด #จริงหรอ,pansai02,"['มี', 'คน', 'บอ', 'กว่า', 'ผู้หญิง', 'อิสลาม', 'ส่วนใหญ่', 'sex', 'จัด', '#', 'จริง', 'หรอ']"
2019-01-06 00:54,0,,,1081609888776708096,3.0,,https://twitter.com/anukamix1/status/1081609888776708096,0,อิสลาม ปามไปอยู่ที่ไหนฉิลหายที่นั่น https://www. facebook.com/1154915170/pos ts/10218050103821538/ …,anukamix1,"['อิสลาม', 'ปาม', 'ไป', 'อยู่', 'ที่ไหน', 'ฉิล', 'หาย', 'ที่นั่น', 'https', '://', 'www', '.', 'facebook', '.', 'com', '/', '1154915170', '/', 'pos', 'ts', '/', '10218050103821538', '/', '…']"
2019-01-05 04:05,0,,,1081295615340900352,3.0,,https://twitter.com/isaHwan/status/1081295615340900352,0,โอโห เพิ่งรู้ว่า อิสลาม กำหนดวิธีฆ่าวัวด้วย อิดอกโกดมาก จะหาว่ากุเหยียดมั้ย แต่ทำไมศาสนานี้ปัญหาเยอะจังวะ ดูเผินๆก็รู้ปะว่าหลักการพวกคุณล้าหลังแค่ไหน หลายเรื่องแล้วนะ พักก่อนมั้ย เปลี่ยนตามโลกบ้าง,isaHwan,"['โอ', 'โห', 'เพิ่ง', 'รู้', 'ว่า', 'อิสลาม', 'กำหนด', 'วิธี', 'ฆ่า', 'วัว', 'ด้วย', 'อิด', 'อก', 'โก', 'ด', 'มาก', 'จะ', 'หาว่า', 'กุ', 'เหยียด', 'มั้ย', 'แต่', 'ทำไม', 'ศาสนา', 'นี้', 'ปัญหา', 'เยอะ', 'จัง', 'วะ', 'ดู', 'เผินๆ', 'ก็', 'รู้', 'ปะ', 'ว่า', 'หลักการ', 'พวกคุณ', 'ล้าหลัง', 'แค่', 'ไหน', 'หลาย', 'เรื่อง', 'แล้ว', 'นะ', 'พัก', 'ก่อน', 'มั้ย', 'เปลี่ยน', 'ตาม', 'โลก', 'บ้าง']"
2019-01-05 02:24,1,,,1081270244935589889,3.0,,https://twitter.com/werinsmile1/status/1081270244935589889,0,ไอเหี้ย อิสลาม ชาติสัดแซงเก่งกว่าจีนก้พวกมีงอะอิเหี้ย น่าหี,werinsmile1,"['ไอ', 'เหี้ย', 'อิสลาม', 'ชาติ', 'สัด', 'แซง', 'เก่ง', 'กว่า', 'จีน', 'ก้', 'พวก', 'มี', 'ง', 'อะ', 'อิ', 'เหี้ย', 'น่า', 'หี']"
2019-01-04 22:52,0,,#2019,1081216853983121408,3.0,,https://twitter.com/arannpp/status/1081216853983121408,0,ปีนี้ปีหมู อิสลาม อยู่ได้มั้ย #2019,arannpp,"['ปี', 'นี้', 'ปี', 'หมู', 'อิสลาม', 'อยู่', 'ได้', 'มั้ย', '#', '2019']"
2019-01-04 12:43,2,,,1081063585491472384,3.0,,https://twitter.com/akhieo_/status/1081063585491472384,0,ปีหมู อิสลาม ต้องจำศีลปะคร้บ,akhieo_,"['ปี', 'หมู', 'อิสลาม', 'ต้อง', 'จำศีล', 'ปะ', 'คร้บ']"
2019-01-04 09:52,0,,,1081020446969978882,3.0,,https://twitter.com/GjiNna43/status/1081020446969978882,0,โพกผ้าเป็น อิสลาม แปป,GjiNna43,"['โพก', 'ผ้า', 'เป็น', 'อิสลาม', 'แป', 'ป']"
2019-01-03 00:06,0,,,1080510666614566912,3.0,,https://twitter.com/kf97_/status/1080510666614566912,3,ปีนี้ปีหมู คน อิสลาม ทำไงวะ,kf97_,"['ปี', 'นี้', 'ปี', 'หมู', 'คน', 'อิสลาม', 'ทำ', 'ไง', 'วะ']"
2019-01-02 22:40,0,,,1080488939482464257,3.0,,https://twitter.com/pppuurreee/status/1080488939482464257,0,โจรนินจาเหี้ยไร อิสลาม หัวควย555555,pppuurreee,"['โจร', 'นิ', 'น', 'จา', 'เหี้ย', 'ไร', 'อิสลาม', 'หัว', 'ควย', '555555']"
